Time,Strike,Term,Instrument Type,Strategy,Type,Qty,CC,Product,Description,Price,Watch,RFQ,Add Deal,Undrl. Bid,Undrl. Offer,Impl. Vol,Î”,Category,
13:08:09,4.750,Nov21,Option,Put,Block,200,LN,Henry Hub Eu Fin Option,Nov21 4.750 Put,0.1290,,,,,,,,Natural Gas,
13:08:09,4.500,Nov21,Option,Put,Block,200,LN,Henry Hub Eu Fin Option,Nov21 4.500 Put,0.0720,,,,,,,,Natural Gas,
13:08:09,4.250,Nov21,Option,Put,Block,200,LN,Henry Hub Eu Fin Option,Nov21 4.250 Put,0.0380,,,,,,,,Natural Gas,
13:08:09,4.000,Nov21,Option,Put,Block,200,LN,Henry Hub Eu Fin Option,Nov21 4.000 Put,0.0180,,,,,,,,Natural Gas,
13:03:00,2.750,Jan24,Option,Put,Block,100,LN,Henry Hub Eu Fin Option,Jan24 2.750 Put,0.2400,,,,,,,,Natural Gas,
13:03:00,2.750,Feb24,Option,Put,Block,100,LN,Henry Hub Eu Fin Option,Feb24 2.750 Put,0.2400,,,,,,,,Natural Gas,
13:03:00,2.750,Mar24,Option,Put,Block,100,LN,Henry Hub Eu Fin Option,Mar24 2.750 Put,0.2400,,,,,,,,Natural Gas,
13:03:00,2.750,Apr24,Option,Put,Block,100,LN,Henry Hub Eu Fin Option,Apr24 2.750 Put,0.2400,,,,,,,,Natural Gas,
13:03:00,2.750,May24,Option,Put,Block,100,LN,Henry Hub Eu Fin Option,May24 2.750 Put,0.2400,,,,,,,,Natural Gas,
13:03:00,2.750,Jun24,Option,Put,Block,100,LN,Henry Hub Eu Fin Option,Jun24 2.750 Put,0.2400,,,,,,,,Natural Gas,
13:03:00,2.750,Jul24,Option,Put,Block,100,LN,Henry Hub Eu Fin Option,Jul24 2.750 Put,0.2400,,,,,,,,Natural Gas,
13:03:00,2.750,Aug24,Option,Put,Block,100,LN,Henry Hub Eu Fin Option,Aug24 2.750 Put,0.2400,,,,,,,,Natural Gas,
13:03:00,2.750,Sep24,Option,Put,Block,100,LN,Henry Hub Eu Fin Option,Sep24 2.750 Put,0.2400,,,,,,,,Natural Gas,
13:03:00,2.750,Oct24,Option,Put,Block,100,LN,Henry Hub Eu Fin Option,Oct24 2.750 Put,0.2400,,,,,,,,Natural Gas,
13:03:00,2.750,Nov24,Option,Put,Block,100,LN,Henry Hub Eu Fin Option,Nov24 2.750 Put,0.2400,,,,,,,,Natural Gas,
13:03:00,2.750,Dec24,Option,Put,Block,100,LN,Henry Hub Eu Fin Option,Dec24 2.750 Put,0.2400,,,,,,,,Natural Gas,
13:03:00,4.000,Jan24,Option,Call,Block,100,LN,Henry Hub Eu Fin Option,Jan24 4.000 Call,0.3200,,,,,,,,Natural Gas,
13:03:00,4.000,Feb24,Option,Call,Block,100,LN,Henry Hub Eu Fin Option,Feb24 4.000 Call,0.3200,,,,,,,,Natural Gas,
13:03:00,4.000,Mar24,Option,Call,Block,100,LN,Henry Hub Eu Fin Option,Mar24 4.000 Call,0.3200,,,,,,,,Natural Gas,
13:03:00,4.000,Apr24,Option,Call,Block,100,LN,Henry Hub Eu Fin Option,Apr24 4.000 Call,0.3200,,,,,,,,Natural Gas,
13:03:00,4.000,May24,Option,Call,Block,100,LN,Henry Hub Eu Fin Option,May24 4.000 Call,0.3200,,,,,,,,Natural Gas,
13:03:00,4.000,Jun24,Option,Call,Block,100,LN,Henry Hub Eu Fin Option,Jun24 4.000 Call,0.3200,,,,,,,,Natural Gas,
13:03:00,4.000,Jul24,Option,Call,Block,100,LN,Henry Hub Eu Fin Option,Jul24 4.000 Call,0.3200,,,,,,,,Natural Gas,
13:03:00,4.000,Aug24,Option,Call,Block,100,LN,Henry Hub Eu Fin Option,Aug24 4.000 Call,0.3200,,,,,,,,Natural Gas,
13:03:00,4.000,Sep24,Option,Call,Block,100,LN,Henry Hub Eu Fin Option,Sep24 4.000 Call,0.3200,,,,,,,,Natural Gas,
13:03:00,4.000,Oct24,Option,Call,Block,100,LN,Henry Hub Eu Fin Option,Oct24 4.000 Call,0.3200,,,,,,,,Natural Gas,
13:03:00,4.000,Nov24,Option,Call,Block,100,LN,Henry Hub Eu Fin Option,Nov24 4.000 Call,0.3200,,,,,,,,Natural Gas,
13:03:00,4.000,Dec24,Option,Call,Block,100,LN,Henry Hub Eu Fin Option,Dec24 4.000 Call,0.3200,,,,,,,,Natural Gas,
13:03:00,,Jan24,Future,,Block,66,HP,Henry Hub Look-Alike Fin Future,Jan24,3.2300,,,,,,,,Natural Gas,
13:03:00,,Feb24,Future,,Block,66,HP,Henry Hub Look-Alike Fin Future,Feb24,3.2300,,,,,,,,Natural Gas,
13:03:00,,Mar24,Future,,Block,66,HP,Henry Hub Look-Alike Fin Future,Mar24,3.2300,,,,,,,,Natural Gas,
13:03:00,,Apr24,Future,,Block,66,HP,Henry Hub Look-Alike Fin Future,Apr24,3.2300,,,,,,,,Natural Gas,
13:03:00,,May24,Future,,Block,66,HP,Henry Hub Look-Alike Fin Future,May24,3.2300,,,,,,,,Natural Gas,
13:03:00,,Jun24,Future,,Block,66,HP,Henry Hub Look-Alike Fin Future,Jun24,3.2300,,,,,,,,Natural Gas,
13:03:00,,Jul24,Future,,Block,66,HP,Henry Hub Look-Alike Fin Future,Jul24,3.2300,,,,,,,,Natural Gas,
13:03:00,,Aug24,Future,,Block,66,HP,Henry Hub Look-Alike Fin Future,Aug24,3.2300,,,,,,,,Natural Gas,
13:03:00,,Sep24,Future,,Block,66,HP,Henry Hub Look-Alike Fin Future,Sep24,3.2300,,,,,,,,Natural Gas,
13:03:00,,Oct24,Future,,Block,66,HP,Henry Hub Look-Alike Fin Future,Oct24,3.2300,,,,,,,,Natural Gas,
13:03:00,,Nov24,Future,,Block,66,HP,Henry Hub Look-Alike Fin Future,Nov24,3.2300,,,,,,,,Natural Gas,
13:03:00,,Dec24,Future,,Block,66,HP,Henry Hub Look-Alike Fin Future,Dec24,3.2300,,,,,,,,Natural Gas,
13:03:00,2.750,Jan24,Option,Put,Block,50,LN,Henry Hub Eu Fin Option,Jan24 2.750 Put,0.2400,,,,,,,,Natural Gas,
13:03:00,2.750,Feb24,Option,Put,Block,50,LN,Henry Hub Eu Fin Option,Feb24 2.750 Put,0.2400,,,,,,,,Natural Gas,
13:03:00,2.750,Mar24,Option,Put,Block,50,LN,Henry Hub Eu Fin Option,Mar24 2.750 Put,0.2400,,,,,,,,Natural Gas,
13:03:00,2.750,Apr24,Option,Put,Block,50,LN,Henry Hub Eu Fin Option,Apr24 2.750 Put,0.2400,,,,,,,,Natural Gas,
13:03:00,2.750,May24,Option,Put,Block,50,LN,Henry Hub Eu Fin Option,May24 2.750 Put,0.2400,,,,,,,,Natural Gas,
13:03:00,2.750,Jun24,Option,Put,Block,50,LN,Henry Hub Eu Fin Option,Jun24 2.750 Put,0.2400,,,,,,,,Natural Gas,
13:03:00,2.750,Jul24,Option,Put,Block,50,LN,Henry Hub Eu Fin Option,Jul24 2.750 Put,0.2400,,,,,,,,Natural Gas,
13:03:00,2.750,Aug24,Option,Put,Block,50,LN,Henry Hub Eu Fin Option,Aug24 2.750 Put,0.2400,,,,,,,,Natural Gas,
13:03:00,2.750,Sep24,Option,Put,Block,50,LN,Henry Hub Eu Fin Option,Sep24 2.750 Put,0.2400,,,,,,,,Natural Gas,
13:03:00,2.750,Oct24,Option,Put,Block,50,LN,Henry Hub Eu Fin Option,Oct24 2.750 Put,0.2400,,,,,,,,Natural Gas,
13:03:00,2.750,Nov24,Option,Put,Block,50,LN,Henry Hub Eu Fin Option,Nov24 2.750 Put,0.2400,,,,,,,,Natural Gas,
13:03:00,2.750,Dec24,Option,Put,Block,50,LN,Henry Hub Eu Fin Option,Dec24 2.750 Put,0.2400,,,,,,,,Natural Gas,
13:03:00,4.000,Jan24,Option,Call,Block,50,LN,Henry Hub Eu Fin Option,Jan24 4.000 Call,0.3200,,,,,,,,Natural Gas,
13:03:00,4.000,Feb24,Option,Call,Block,50,LN,Henry Hub Eu Fin Option,Feb24 4.000 Call,0.3200,,,,,,,,Natural Gas,
13:03:00,4.000,Mar24,Option,Call,Block,50,LN,Henry Hub Eu Fin Option,Mar24 4.000 Call,0.3200,,,,,,,,Natural Gas,
13:03:00,4.000,Apr24,Option,Call,Block,50,LN,Henry Hub Eu Fin Option,Apr24 4.000 Call,0.3200,,,,,,,,Natural Gas,
13:03:00,4.000,May24,Option,Call,Block,50,LN,Henry Hub Eu Fin Option,May24 4.000 Call,0.3200,,,,,,,,Natural Gas,
13:03:00,4.000,Jun24,Option,Call,Block,50,LN,Henry Hub Eu Fin Option,Jun24 4.000 Call,0.3200,,,,,,,,Natural Gas,
13:03:00,4.000,Jul24,Option,Call,Block,50,LN,Henry Hub Eu Fin Option,Jul24 4.000 Call,0.3200,,,,,,,,Natural Gas,
13:03:00,4.000,Aug24,Option,Call,Block,50,LN,Henry Hub Eu Fin Option,Aug24 4.000 Call,0.3200,,,,,,,,Natural Gas,
13:03:00,4.000,Sep24,Option,Call,Block,50,LN,Henry Hub Eu Fin Option,Sep24 4.000 Call,0.3200,,,,,,,,Natural Gas,
13:03:00,4.000,Oct24,Option,Call,Block,50,LN,Henry Hub Eu Fin Option,Oct24 4.000 Call,0.3200,,,,,,,,Natural Gas,
13:03:00,4.000,Nov24,Option,Call,Block,50,LN,Henry Hub Eu Fin Option,Nov24 4.000 Call,0.3200,,,,,,,,Natural Gas,
13:03:00,4.000,Dec24,Option,Call,Block,50,LN,Henry Hub Eu Fin Option,Dec24 4.000 Call,0.3200,,,,,,,,Natural Gas,
13:03:00,,Jan24,Future,,Block,33,HP,Henry Hub Look-Alike Fin Future,Jan24,3.2300,,,,,,,,Natural Gas,
13:03:00,,Feb24,Future,,Block,33,HP,Henry Hub Look-Alike Fin Future,Feb24,3.2300,,,,,,,,Natural Gas,
13:03:00,,Mar24,Future,,Block,33,HP,Henry Hub Look-Alike Fin Future,Mar24,3.2300,,,,,,,,Natural Gas,
13:03:00,,Apr24,Future,,Block,33,HP,Henry Hub Look-Alike Fin Future,Apr24,3.2300,,,,,,,,Natural Gas,
13:03:00,,May24,Future,,Block,33,HP,Henry Hub Look-Alike Fin Future,May24,3.2300,,,,,,,,Natural Gas,
13:03:00,,Jun24,Future,,Block,33,HP,Henry Hub Look-Alike Fin Future,Jun24,3.2300,,,,,,,,Natural Gas,
13:03:00,,Jul24,Future,,Block,33,HP,Henry Hub Look-Alike Fin Future,Jul24,3.2300,,,,,,,,Natural Gas,
13:03:00,,Aug24,Future,,Block,33,HP,Henry Hub Look-Alike Fin Future,Aug24,3.2300,,,,,,,,Natural Gas,
13:03:00,,Sep24,Future,,Block,33,HP,Henry Hub Look-Alike Fin Future,Sep24,3.2300,,,,,,,,Natural Gas,
13:03:00,,Oct24,Future,,Block,33,HP,Henry Hub Look-Alike Fin Future,Oct24,3.2300,,,,,,,,Natural Gas,
13:03:00,,Nov24,Future,,Block,33,HP,Henry Hub Look-Alike Fin Future,Nov24,3.2300,,,,,,,,Natural Gas,
13:03:00,,Dec24,Future,,Block,33,HP,Henry Hub Look-Alike Fin Future,Dec24,3.2300,,,,,,,,Natural Gas,
13:04:30,,Jan22,Future,,Block,400,HH,Henry Hub Fin Future,Jan22,5.962,,,,,,,,Natural Gas,
13:03:00,2.750,Jan24,Option,Put,Block,50,LN,Henry Hub Eu Fin Option,Jan24 2.750 Put,0.2400,,,,,,,,Natural Gas,
13:03:00,2.750,Feb24,Option,Put,Block,50,LN,Henry Hub Eu Fin Option,Feb24 2.750 Put,0.2400,,,,,,,,Natural Gas,
13:03:00,2.750,Mar24,Option,Put,Block,50,LN,Henry Hub Eu Fin Option,Mar24 2.750 Put,0.2400,,,,,,,,Natural Gas,
13:03:00,2.750,Apr24,Option,Put,Block,50,LN,Henry Hub Eu Fin Option,Apr24 2.750 Put,0.2400,,,,,,,,Natural Gas,
13:03:00,2.750,May24,Option,Put,Block,50,LN,Henry Hub Eu Fin Option,May24 2.750 Put,0.2400,,,,,,,,Natural Gas,
13:03:00,2.750,Jun24,Option,Put,Block,50,LN,Henry Hub Eu Fin Option,Jun24 2.750 Put,0.2400,,,,,,,,Natural Gas,
13:03:00,2.750,Jul24,Option,Put,Block,50,LN,Henry Hub Eu Fin Option,Jul24 2.750 Put,0.2400,,,,,,,,Natural Gas,
13:03:00,2.750,Aug24,Option,Put,Block,50,LN,Henry Hub Eu Fin Option,Aug24 2.750 Put,0.2400,,,,,,,,Natural Gas,
13:03:00,2.750,Sep24,Option,Put,Block,50,LN,Henry Hub Eu Fin Option,Sep24 2.750 Put,0.2400,,,,,,,,Natural Gas,
13:03:00,2.750,Oct24,Option,Put,Block,50,LN,Henry Hub Eu Fin Option,Oct24 2.750 Put,0.2400,,,,,,,,Natural Gas,
13:03:00,2.750,Nov24,Option,Put,Block,50,LN,Henry Hub Eu Fin Option,Nov24 2.750 Put,0.2400,,,,,,,,Natural Gas,
13:03:00,2.750,Dec24,Option,Put,Block,50,LN,Henry Hub Eu Fin Option,Dec24 2.750 Put,0.2400,,,,,,,,Natural Gas,
13:03:00,4.000,Jan24,Option,Call,Block,50,LN,Henry Hub Eu Fin Option,Jan24 4.000 Call,0.3200,,,,,,,,Natural Gas,
13:03:00,4.000,Feb24,Option,Call,Block,50,LN,Henry Hub Eu Fin Option,Feb24 4.000 Call,0.3200,,,,,,,,Natural Gas,
13:03:00,4.000,Mar24,Option,Call,Block,50,LN,Henry Hub Eu Fin Option,Mar24 4.000 Call,0.3200,,,,,,,,Natural Gas,
13:03:00,4.000,Apr24,Option,Call,Block,50,LN,Henry Hub Eu Fin Option,Apr24 4.000 Call,0.3200,,,,,,,,Natural Gas,
13:03:00,4.000,May24,Option,Call,Block,50,LN,Henry Hub Eu Fin Option,May24 4.000 Call,0.3200,,,,,,,,Natural Gas,
13:03:00,4.000,Jun24,Option,Call,Block,50,LN,Henry Hub Eu Fin Option,Jun24 4.000 Call,0.3200,,,,,,,,Natural Gas,
13:03:00,4.000,Jul24,Option,Call,Block,50,LN,Henry Hub Eu Fin Option,Jul24 4.000 Call,0.3200,,,,,,,,Natural Gas,
13:03:00,4.000,Aug24,Option,Call,Block,50,LN,Henry Hub Eu Fin Option,Aug24 4.000 Call,0.3200,,,,,,,,Natural Gas,
13:03:00,4.000,Sep24,Option,Call,Block,50,LN,Henry Hub Eu Fin Option,Sep24 4.000 Call,0.3200,,,,,,,,Natural Gas,
13:03:00,4.000,Oct24,Option,Call,Block,50,LN,Henry Hub Eu Fin Option,Oct24 4.000 Call,0.3200,,,,,,,,Natural Gas,
13:03:00,4.000,Nov24,Option,Call,Block,50,LN,Henry Hub Eu Fin Option,Nov24 4.000 Call,0.3200,,,,,,,,Natural Gas,
13:03:00,4.000,Dec24,Option,Call,Block,50,LN,Henry Hub Eu Fin Option,Dec24 4.000 Call,0.3200,,,,,,,,Natural Gas,
13:03:00,,Jan24,Future,,Block,33,HP,Henry Hub Look-Alike Fin Future,Jan24,3.2300,,,,,,,,Natural Gas,
13:03:00,,Feb24,Future,,Block,33,HP,Henry Hub Look-Alike Fin Future,Feb24,3.2300,,,,,,,,Natural Gas,
13:03:00,,Mar24,Future,,Block,33,HP,Henry Hub Look-Alike Fin Future,Mar24,3.2300,,,,,,,,Natural Gas,
13:03:00,,Apr24,Future,,Block,33,HP,Henry Hub Look-Alike Fin Future,Apr24,3.2300,,,,,,,,Natural Gas,
13:03:00,,May24,Future,,Block,33,HP,Henry Hub Look-Alike Fin Future,May24,3.2300,,,,,,,,Natural Gas,
13:03:00,,Jun24,Future,,Block,33,HP,Henry Hub Look-Alike Fin Future,Jun24,3.2300,,,,,,,,Natural Gas,
13:03:00,,Jul24,Future,,Block,33,HP,Henry Hub Look-Alike Fin Future,Jul24,3.2300,,,,,,,,Natural Gas,
13:03:00,,Aug24,Future,,Block,33,HP,Henry Hub Look-Alike Fin Future,Aug24,3.2300,,,,,,,,Natural Gas,
13:03:00,,Sep24,Future,,Block,33,HP,Henry Hub Look-Alike Fin Future,Sep24,3.2300,,,,,,,,Natural Gas,
13:03:00,,Oct24,Future,,Block,33,HP,Henry Hub Look-Alike Fin Future,Oct24,3.2300,,,,,,,,Natural Gas,
13:03:00,,Nov24,Future,,Block,33,HP,Henry Hub Look-Alike Fin Future,Nov24,3.2300,,,,,,,,Natural Gas,
13:03:00,,Dec24,Future,,Block,33,HP,Henry Hub Look-Alike Fin Future,Dec24,3.2300,,,,,,,,Natural Gas,
12:54:55,,Mar22,Future,,Block,300,HH,Henry Hub Fin Future,Mar22,5.480,,,,,,,,Natural Gas,
12:54:55,,Mar22,Future,,Block,250,HH,Henry Hub Fin Future,Mar22,5.480,,,,,,,,Natural Gas,
12:54:55,,Mar22,Future,,Block,250,HH,Henry Hub Fin Future,Mar22,5.480,,,,,,,,Natural Gas,
12:51:19,4.000,Mar22,Option,Put,Block,100,LN,Henry Hub Eu Fin Option,Mar22 4.000 Put,0.4500,,,,,,,,Natural Gas,
12:51:19,3.000,Mar22,Option,Put,Block,200,LN,Henry Hub Eu Fin Option,Mar22 3.000 Put,0.0825,,,,,,,,Natural Gas,
12:51:19,4.000,Mar22,Option,Put,Block,100,LN,Henry Hub Eu Fin Option,Mar22 4.000 Put,0.4500,,,,,,,,Natural Gas,
12:51:19,3.000,Mar22,Option,Put,Block,200,LN,Henry Hub Eu Fin Option,Mar22 3.000 Put,0.0825,,,,,,,,Natural Gas,
12:51:19,4.000,Mar22,Option,Put,Block,100,LN,Henry Hub Eu Fin Option,Mar22 4.000 Put,0.4500,,,,,,,,Natural Gas,
12:51:19,3.000,Mar22,Option,Put,Block,200,LN,Henry Hub Eu Fin Option,Mar22 3.000 Put,0.0825,,,,,,,,Natural Gas,
12:54:55,,Mar22,Future,,Block,200,HH,Henry Hub Fin Future,Mar22,5.480,,,,,,,,Natural Gas,
12:47:55,5.750,Jan22,Option,Call,Block,50,LN,Henry Hub Eu Fin Option,Jan22 5.750 Call,1.4300,,,,,,,,Natural Gas,
12:47:55,5.750,Feb22,Option,Call,Block,50,LN,Henry Hub Eu Fin Option,Feb22 5.750 Call,1.4300,,,,,,,,Natural Gas,
12:47:55,5.750,Mar22,Option,Call,Block,50,LN,Henry Hub Eu Fin Option,Mar22 5.750 Call,1.4300,,,,,,,,Natural Gas,
12:47:55,,Jan22,Future,,Block,102,NP,Henry Hub Pen Fin Future,Jan22,5.770,,,,,,,,Natural Gas,
12:47:55,,Feb22,Future,,Block,102,NP,Henry Hub Pen Fin Future,Feb22,5.770,,,,,,,,Natural Gas,
12:47:55,,Mar22,Future,,Block,102,NP,Henry Hub Pen Fin Future,Mar22,5.770,,,,,,,,Natural Gas,
12:47:55,5.750,Jan22,Option,Call,Block,50,LN,Henry Hub Eu Fin Option,Jan22 5.750 Call,1.4300,,,,,,,,Natural Gas,
12:47:55,5.750,Feb22,Option,Call,Block,50,LN,Henry Hub Eu Fin Option,Feb22 5.750 Call,1.4300,,,,,,,,Natural Gas,
12:47:55,5.750,Mar22,Option,Call,Block,50,LN,Henry Hub Eu Fin Option,Mar22 5.750 Call,1.4300,,,,,,,,Natural Gas,
12:47:55,,Jan22,Future,,Block,102,NP,Henry Hub Pen Fin Future,Jan22,5.770,,,,,,,,Natural Gas,
12:47:55,,Feb22,Future,,Block,102,NP,Henry Hub Pen Fin Future,Feb22,5.770,,,,,,,,Natural Gas,
12:47:55,,Mar22,Future,,Block,102,NP,Henry Hub Pen Fin Future,Mar22,5.770,,,,,,,,Natural Gas,
12:55:55,8.000,Dec21,Option,Call,Block,300,LN,Henry Hub Eu Fin Option,Dec21 8.000 Call,0.5850,,,,,,,,Natural Gas,
12:55:55,9.000,Dec21,Option,Call,Block,300,LN,Henry Hub Eu Fin Option,Dec21 9.000 Call,0.4500,,,,,,,,Natural Gas,
12:55:55,,Dec21,Future,,Block,21,HP,Henry Hub Look-Alike Fin Future,Dec21,5.8900,,,,,,,,Natural Gas,
12:46:00,5.000,Dec21,Option,Put,Block,100,LN,Henry Hub Eu Fin Option,Dec21 5.000 Put,0.4875,,,,,,,,Natural Gas,
12:46:00,7.000,Dec21,Option,Call,Block,100,LN,Henry Hub Eu Fin Option,Dec21 7.000 Call,0.7400,,,,,,,,Natural Gas,
12:46:00,,Dec21,Future,,Block,76,HP,Henry Hub Look-Alike Fin Future,Dec21,5.8800,,,,,,,,Natural Gas,
12:46:00,5.000,Dec21,Option,Put,Block,100,LN,Henry Hub Eu Fin Option,Dec21 5.000 Put,0.4875,,,,,,,,Natural Gas,
12:46:00,7.000,Dec21,Option,Call,Block,100,LN,Henry Hub Eu Fin Option,Dec21 7.000 Call,0.7400,,,,,,,,Natural Gas,
12:46:00,,Dec21,Future,,Block,76,HP,Henry Hub Look-Alike Fin Future,Dec21,5.8800,,,,,,,,Natural Gas,
12:44:29,4.000,Mar22,Option,Put,Block,150,LN,Henry Hub Eu Fin Option,Mar22 4.000 Put,0.4400,,,,,,,,Natural Gas,
12:44:29,3.500,Mar22,Option,Put,Block,300,LN,Henry Hub Eu Fin Option,Mar22 3.500 Put,0.2075,,,,,,,,Natural Gas,
12:50:22,4.000,Feb22,Option,Put,Block,100,LN,Henry Hub Eu Fin Option,Feb22 4.000 Put,0.2950,,,,,,,,Natural Gas,
12:50:22,,Feb22,Future,,Block,15,HP,Henry Hub Look-Alike Fin Future,Feb22,5.8000,,,,,,,,Natural Gas,
12:41:51,10.000,Jan22,Option,Call,Block,100,LN,Henry Hub Eu Fin Option,Jan22 10.000 Call,0.6025,,,,,,,,Natural Gas,
12:41:51,,Jan22,Future,,Block,30,HP,Henry Hub Look-Alike Fin Future,Jan22,5.9500,,,,,,,,Natural Gas,
12:48:00,,Jan22,Future,,Block,289,HH,Henry Hub Fin Future,Jan22,6.074,,,,,,,,Natural Gas,
12:43:58,,Nov21,Future,,Block,300,NG,Henry Hub Future,Nov21,5.750,,,,,,,,Natural Gas,
12:43:58,,Dec21,Future,,Block,300,NG,Henry Hub Future,Dec21,5.880,,,,,,,,Natural Gas,
12:44:17,9.000,Mar22,Option,Call,Block,200,LN,Henry Hub Eu Fin Option,Mar22 9.000 Call,0.9050,,,,,,,,Natural Gas,
12:44:17,,Mar22,Future,,Block,84,HP,Henry Hub Look-Alike Fin Future,Mar22,5.5000,,,,,,,,Natural Gas,
12:42:00,8.000,Mar22,Option,Call,Block,400,LN,Henry Hub Eu Fin Option,Mar22 8.000 Call,0.9900,,,,,,,,Natural Gas,
12:42:00,10.000,Mar22,Option,Call,Block,400,LN,Henry Hub Eu Fin Option,Mar22 10.000 Call,0.7730,,,,,,,,Natural Gas,
12:42:00,,Mar22,Future,,Block,32,HP,Henry Hub Look-Alike Fin Future,Mar22,5.4400,,,,,,,,Natural Gas,
12:40:00,6.750,Nov21,Option,Call,Block,300,LN,Henry Hub Eu Fin Option,Nov21 6.750 Call,0.2800,,,,,,,,Natural Gas,
12:40:00,7.000,Nov21,Option,Call,Block,300,LN,Henry Hub Eu Fin Option,Nov21 7.000 Call,0.2380,,,,,,,,Natural Gas,
12:40:00,,Nov21,Future,,Block,12,HP,Henry Hub Look-Alike Fin Future,Nov21,5.7500,,,,,,,,Natural Gas,
12:38:51,5.000,Dec21,Option,Put,Block,250,LN,Henry Hub Eu Fin Option,Dec21 5.000 Put,0.4900,,,,,,,,Natural Gas,
12:38:51,,Dec21,Future,,Block,65,HP,Henry Hub Look-Alike Fin Future,Dec21,5.8700,,,,,,,,Natural Gas,
12:35:09,5.000,Dec21,Option,Put,Block,100,LN,Henry Hub Eu Fin Option,Dec21 5.000 Put,0.4900,,,,,,,,Natural Gas,
12:35:09,,Dec21,Future,,Block,26,HP,Henry Hub Look-Alike Fin Future,Dec21,5.8700,,,,,,,,Natural Gas,
12:35:09,5.000,Dec21,Option,Put,Block,150,LN,Henry Hub Eu Fin Option,Dec21 5.000 Put,0.4900,,,,,,,,Natural Gas,
12:35:09,,Dec21,Future,,Block,39,HP,Henry Hub Look-Alike Fin Future,Dec21,5.8700,,,,,,,,Natural Gas,
12:34:56,,Nov21,Future,,Block,200,NG,Henry Hub Future,Nov21,5.750,,,,,,,,Natural Gas,
12:34:56,,Dec21,Future,,Block,200,NG,Henry Hub Future,Dec21,5.880,,,,,,,,Natural Gas,
12:29:00,6.000,Nov21,Option,Call,Block,100,LN,Henry Hub Eu Fin Option,Nov21 6.000 Call,0.4250,,,,,,,,Natural Gas,
12:29:00,6.500,Nov21,Option,Call,Block,100,LN,Henry Hub Eu Fin Option,Nov21 6.500 Call,0.2950,,,,,,,,Natural Gas,
12:29:00,,Nov21,Future,,Block,12,HP,Henry Hub Look-Alike Fin Future,Nov21,5.6800,,,,,,,,Natural Gas,
12:29:00,6.000,Nov21,Option,Call,Block,400,LN,Henry Hub Eu Fin Option,Nov21 6.000 Call,0.4250,,,,,,,,Natural Gas,
12:29:00,6.500,Nov21,Option,Call,Block,400,LN,Henry Hub Eu Fin Option,Nov21 6.500 Call,0.2950,,,,,,,,Natural Gas,
12:29:00,,Nov21,Future,,Block,48,HP,Henry Hub Look-Alike Fin Future,Nov21,5.6800,,,,,,,,Natural Gas,
12:31:54,,Nov21,Future,,Block,150,HH,Henry Hub Fin Future,Nov21,5.741,,,,,,,,Natural Gas,
12:21:33,5.000,Nov21,Option,Put,Block,200,LN,Henry Hub Eu Fin Option,Nov21 5.000 Put,0.2000,,,,,,,,Natural Gas,
12:21:33,5.000,Dec21,Option,Put,Block,100,LN,Henry Hub Eu Fin Option,Dec21 5.000 Put,0.5000,,,,,,,,Natural Gas,
12:21:33,,Nov21,Future,,Block,60,HP,Henry Hub Look-Alike Fin Future,Nov21,5.6800,,,,,,,,Natural Gas,
12:21:33,,Dec21,Future,,Block,40,HP,Henry Hub Look-Alike Fin Future,Dec21,5.8200,,,,,,,,Natural Gas,
12:21:32,5.000,Nov21,Option,Put,Block,100,LN,Henry Hub Eu Fin Option,Nov21 5.000 Put,0.2000,,,,,,,,Natural Gas,
12:21:32,5.000,Dec21,Option,Put,Block,50,LN,Henry Hub Eu Fin Option,Dec21 5.000 Put,0.5000,,,,,,,,Natural Gas,
12:21:32,,Nov21,Future,,Block,30,HP,Henry Hub Look-Alike Fin Future,Nov21,5.6800,,,,,,,,Natural Gas,
12:21:32,,Dec21,Future,,Block,20,HP,Henry Hub Look-Alike Fin Future,Dec21,5.8200,,,,,,,,Natural Gas,
12:28:09,,Jan23,Future,,Block,25,HH,Henry Hub Fin Future,Jan23,3.450,,,,,,,,Natural Gas,
12:28:09,,Feb23,Future,,Block,25,HH,Henry Hub Fin Future,Feb23,3.450,,,,,,,,Natural Gas,
12:28:09,,Mar23,Future,,Block,25,HH,Henry Hub Fin Future,Mar23,3.450,,,,,,,,Natural Gas,
12:28:09,,Apr23,Future,,Block,25,HH,Henry Hub Fin Future,Apr23,3.450,,,,,,,,Natural Gas,
12:28:09,,May23,Future,,Block,25,HH,Henry Hub Fin Future,May23,3.450,,,,,,,,Natural Gas,
12:28:09,,Jun23,Future,,Block,25,HH,Henry Hub Fin Future,Jun23,3.450,,,,,,,,Natural Gas,
12:28:09,,Jul23,Future,,Block,25,HH,Henry Hub Fin Future,Jul23,3.450,,,,,,,,Natural Gas,
12:28:09,,Aug23,Future,,Block,25,HH,Henry Hub Fin Future,Aug23,3.450,,,,,,,,Natural Gas,
12:28:09,,Sep23,Future,,Block,25,HH,Henry Hub Fin Future,Sep23,3.450,,,,,,,,Natural Gas,
12:28:09,,Oct23,Future,,Block,25,HH,Henry Hub Fin Future,Oct23,3.450,,,,,,,,Natural Gas,
12:28:09,,Nov23,Future,,Block,25,HH,Henry Hub Fin Future,Nov23,3.450,,,,,,,,Natural Gas,
12:28:09,,Dec23,Future,,Block,25,HH,Henry Hub Fin Future,Dec23,3.450,,,,,,,,Natural Gas,
12:24:29,6.500,Nov21,Option,Call,Block,100,LN,Henry Hub Eu Fin Option,Nov21 6.500 Call,0.2900,,,,,,,,Natural Gas,
12:24:29,7.000,Nov21,Option,Call,Block,100,LN,Henry Hub Eu Fin Option,Nov21 7.000 Call,0.2050,,,,,,,,Natural Gas,
12:24:29,,Nov21,Future,,Block,8,HP,Henry Hub Look-Alike Fin Future,Nov21,5.6800,,,,,,,,Natural Gas,
12:24:29,6.500,Nov21,Option,Call,Block,200,LN,Henry Hub Eu Fin Option,Nov21 6.500 Call,0.2900,,,,,,,,Natural Gas,
12:24:29,7.000,Nov21,Option,Call,Block,200,LN,Henry Hub Eu Fin Option,Nov21 7.000 Call,0.2050,,,,,,,,Natural Gas,
12:24:29,,Nov21,Future,,Block,16,HP,Henry Hub Look-Alike Fin Future,Nov21,5.6800,,,,,,,,Natural Gas,
12:21:31,5.000,Nov21,Option,Put,Block,100,LN,Henry Hub Eu Fin Option,Nov21 5.000 Put,0.2000,,,,,,,,Natural Gas,
12:21:31,5.000,Dec21,Option,Put,Block,50,LN,Henry Hub Eu Fin Option,Dec21 5.000 Put,0.5000,,,,,,,,Natural Gas,
12:21:31,,Nov21,Future,,Block,30,HP,Henry Hub Look-Alike Fin Future,Nov21,5.6800,,,,,,,,Natural Gas,
12:21:31,,Dec21,Future,,Block,20,HP,Henry Hub Look-Alike Fin Future,Dec21,5.8200,,,,,,,,Natural Gas,
12:09:45,-0.100,Nov21,Option,Call,Block,100,G4,Henry Hub Nat Gas Fin 1 Mo CSO,Nov21 -0.100 Call,0.029,,,,,,,,Natural Gas,
12:09:45,-0.100,Nov21,Option,Call,Block,100,G4,Henry Hub Nat Gas Fin 1 Mo CSO,Nov21 -0.100 Call,0.029,,,,,,,,Natural Gas,
12:03:58,-0.100,Nov21,Option,Call,Block,200,G4,Henry Hub Nat Gas Fin 1 Mo CSO,Nov21 -0.100 Call,0.030,,,,,,,,Natural Gas,
12:03:58,-0.100,Nov21,Option,Call,Block,200,G4,Henry Hub Nat Gas Fin 1 Mo CSO,Nov21 -0.100 Call,0.030,,,,,,,,Natural Gas,
12:06:44,4.250,Jan24,Option,Call,Block,7,LN,Henry Hub Eu Fin Option,Jan24 4.250 Call,0.2800,,,,,,,,Natural Gas,
12:06:44,4.250,Feb24,Option,Call,Block,7,LN,Henry Hub Eu Fin Option,Feb24 4.250 Call,0.2800,,,,,,,,Natural Gas,
12:06:44,4.250,Mar24,Option,Call,Block,7,LN,Henry Hub Eu Fin Option,Mar24 4.250 Call,0.2800,,,,,,,,Natural Gas,
12:06:44,4.250,Apr24,Option,Call,Block,7,LN,Henry Hub Eu Fin Option,Apr24 4.250 Call,0.2800,,,,,,,,Natural Gas,
12:06:44,4.250,May24,Option,Call,Block,7,LN,Henry Hub Eu Fin Option,May24 4.250 Call,0.2800,,,,,,,,Natural Gas,
12:06:44,4.250,Jun24,Option,Call,Block,7,LN,Henry Hub Eu Fin Option,Jun24 4.250 Call,0.2800,,,,,,,,Natural Gas,
12:06:44,4.250,Jul24,Option,Call,Block,7,LN,Henry Hub Eu Fin Option,Jul24 4.250 Call,0.2800,,,,,,,,Natural Gas,
12:06:44,4.250,Aug24,Option,Call,Block,7,LN,Henry Hub Eu Fin Option,Aug24 4.250 Call,0.2800,,,,,,,,Natural Gas,
12:06:44,4.250,Sep24,Option,Call,Block,7,LN,Henry Hub Eu Fin Option,Sep24 4.250 Call,0.2800,,,,,,,,Natural Gas,
12:06:44,4.250,Oct24,Option,Call,Block,7,LN,Henry Hub Eu Fin Option,Oct24 4.250 Call,0.2800,,,,,,,,Natural Gas,
12:06:44,4.250,Nov24,Option,Call,Block,7,LN,Henry Hub Eu Fin Option,Nov24 4.250 Call,0.2800,,,,,,,,Natural Gas,
12:06:44,4.250,Dec24,Option,Call,Block,7,LN,Henry Hub Eu Fin Option,Dec24 4.250 Call,0.2800,,,,,,,,Natural Gas,
12:06:44,,Jan24,Future,,Block,2,HP,Henry Hub Look-Alike Fin Future,Jan24,3.2000,,,,,,,,Natural Gas,
12:06:44,,Feb24,Future,,Block,2,HP,Henry Hub Look-Alike Fin Future,Feb24,3.2000,,,,,,,,Natural Gas,
12:06:44,,Mar24,Future,,Block,2,HP,Henry Hub Look-Alike Fin Future,Mar24,3.2000,,,,,,,,Natural Gas,
12:06:44,,Apr24,Future,,Block,2,HP,Henry Hub Look-Alike Fin Future,Apr24,3.2000,,,,,,,,Natural Gas,
12:06:44,,May24,Future,,Block,2,HP,Henry Hub Look-Alike Fin Future,May24,3.2000,,,,,,,,Natural Gas,
12:06:44,,Jun24,Future,,Block,2,HP,Henry Hub Look-Alike Fin Future,Jun24,3.2000,,,,,,,,Natural Gas,
12:06:44,,Jul24,Future,,Block,2,HP,Henry Hub Look-Alike Fin Future,Jul24,3.2000,,,,,,,,Natural Gas,
12:06:44,,Aug24,Future,,Block,2,HP,Henry Hub Look-Alike Fin Future,Aug24,3.2000,,,,,,,,Natural Gas,
12:06:44,,Sep24,Future,,Block,2,HP,Henry Hub Look-Alike Fin Future,Sep24,3.2000,,,,,,,,Natural Gas,
12:06:44,,Oct24,Future,,Block,2,HP,Henry Hub Look-Alike Fin Future,Oct24,3.2000,,,,,,,,Natural Gas,
12:06:44,,Nov24,Future,,Block,2,HP,Henry Hub Look-Alike Fin Future,Nov24,3.2000,,,,,,,,Natural Gas,
12:06:44,,Dec24,Future,,Block,2,HP,Henry Hub Look-Alike Fin Future,Dec24,3.2000,,,,,,,,Natural Gas,
12:05:51,11.000,Dec21,Option,Call,Block,50,LN,Henry Hub Eu Fin Option,Dec21 11.000 Call,0.2350,,,,,,,,Natural Gas,
12:05:51,11.000,Dec21,Option,Call,Block,50,LN,Henry Hub Eu Fin Option,Dec21 11.000 Call,0.2350,,,,,,,,Natural Gas,
11:59:18,10.000,Jan22,Option,Call,Block,50,LN,Henry Hub Eu Fin Option,Jan22 10.000 Call,0.5950,,,,,,,,Natural Gas,
11:59:18,15.000,Jan22,Option,Call,Block,50,LN,Henry Hub Eu Fin Option,Jan22 15.000 Call,0.2750,,,,,,,,Natural Gas,
11:59:18,,Jan22,Future,,Block,9,HP,Henry Hub Look-Alike Fin Future,Jan22,5.9300,,,,,,,,Natural Gas,
12:00:55,,Jan22,Future,,Block,100,HH,Henry Hub Fin Future,Jan22,5.900,,,,,,,,Natural Gas,
12:00:55,,Feb22,Future,,Block,100,HH,Henry Hub Fin Future,Feb22,5.790,,,,,,,,Natural Gas,
11:58:00,10.000,Apr22,Option,Call,Block,400,LN,Henry Hub Eu Fin Option,Apr22 10.000 Call,0.0600,,,,,,,,Natural Gas,
11:57:32,11.000,Dec21,Option,Call,Block,50,LN,Henry Hub Eu Fin Option,Dec21 11.000 Call,0.2350,,,,,,,,Natural Gas,
11:57:32,11.000,Dec21,Option,Call,Block,50,LN,Henry Hub Eu Fin Option,Dec21 11.000 Call,0.2350,,,,,,,,Natural Gas,
11:52:29,9.000,Nov21,Option,Call,Block,200,LN,Henry Hub Eu Fin Option,Nov21 9.000 Call,0.0790,,,,,,,,Natural Gas,
11:52:29,12.000,Nov21,Option,Call,Block,200,LN,Henry Hub Eu Fin Option,Nov21 12.000 Call,0.0290,,,,,,,,Natural Gas,
11:52:29,,Nov21,Future,,Block,12,NG,Henry Hub Future,Nov21,5.730,,,,,,,,Natural Gas,
11:54:14,4.000,Jan23,Option,Call,Block,10,LN,Henry Hub Eu Fin Option,Jan23 4.000 Call,0.4200,,,,,,,,Natural Gas,
11:54:14,4.000,Feb23,Option,Call,Block,10,LN,Henry Hub Eu Fin Option,Feb23 4.000 Call,0.4200,,,,,,,,Natural Gas,
11:54:14,4.000,Mar23,Option,Call,Block,10,LN,Henry Hub Eu Fin Option,Mar23 4.000 Call,0.4200,,,,,,,,Natural Gas,
11:54:14,4.000,Apr23,Option,Call,Block,10,LN,Henry Hub Eu Fin Option,Apr23 4.000 Call,0.4200,,,,,,,,Natural Gas,
11:54:14,4.000,May23,Option,Call,Block,10,LN,Henry Hub Eu Fin Option,May23 4.000 Call,0.4200,,,,,,,,Natural Gas,
11:54:14,4.000,Jun23,Option,Call,Block,10,LN,Henry Hub Eu Fin Option,Jun23 4.000 Call,0.4200,,,,,,,,Natural Gas,
11:54:14,4.000,Jul23,Option,Call,Block,10,LN,Henry Hub Eu Fin Option,Jul23 4.000 Call,0.4200,,,,,,,,Natural Gas,
11:54:14,4.000,Aug23,Option,Call,Block,10,LN,Henry Hub Eu Fin Option,Aug23 4.000 Call,0.4200,,,,,,,,Natural Gas,
11:54:14,4.000,Sep23,Option,Call,Block,10,LN,Henry Hub Eu Fin Option,Sep23 4.000 Call,0.4200,,,,,,,,Natural Gas,
11:54:14,4.000,Oct23,Option,Call,Block,10,LN,Henry Hub Eu Fin Option,Oct23 4.000 Call,0.4200,,,,,,,,Natural Gas,
11:54:14,4.000,Nov23,Option,Call,Block,10,LN,Henry Hub Eu Fin Option,Nov23 4.000 Call,0.4200,,,,,,,,Natural Gas,
11:54:14,4.000,Dec23,Option,Call,Block,10,LN,Henry Hub Eu Fin Option,Dec23 4.000 Call,0.4200,,,,,,,,Natural Gas,
11:54:14,,Jan23,Future,,Block,4,HP,Henry Hub Look-Alike Fin Future,Jan23,3.5200,,,,,,,,Natural Gas,
11:54:14,,Feb23,Future,,Block,4,HP,Henry Hub Look-Alike Fin Future,Feb23,3.5200,,,,,,,,Natural Gas,
11:54:14,,Mar23,Future,,Block,4,HP,Henry Hub Look-Alike Fin Future,Mar23,3.5200,,,,,,,,Natural Gas,
11:54:14,,Apr23,Future,,Block,4,HP,Henry Hub Look-Alike Fin Future,Apr23,3.5200,,,,,,,,Natural Gas,
11:54:14,,May23,Future,,Block,4,HP,Henry Hub Look-Alike Fin Future,May23,3.5200,,,,,,,,Natural Gas,
11:54:14,,Jun23,Future,,Block,4,HP,Henry Hub Look-Alike Fin Future,Jun23,3.5200,,,,,,,,Natural Gas,
11:54:14,,Jul23,Future,,Block,4,HP,Henry Hub Look-Alike Fin Future,Jul23,3.5200,,,,,,,,Natural Gas,
11:54:14,,Aug23,Future,,Block,4,HP,Henry Hub Look-Alike Fin Future,Aug23,3.5200,,,,,,,,Natural Gas,
11:54:14,,Sep23,Future,,Block,4,HP,Henry Hub Look-Alike Fin Future,Sep23,3.5200,,,,,,,,Natural Gas,
11:54:14,,Oct23,Future,,Block,4,HP,Henry Hub Look-Alike Fin Future,Oct23,3.5200,,,,,,,,Natural Gas,
11:54:14,,Nov23,Future,,Block,4,HP,Henry Hub Look-Alike Fin Future,Nov23,3.5200,,,,,,,,Natural Gas,
11:54:14,,Dec23,Future,,Block,4,HP,Henry Hub Look-Alike Fin Future,Dec23,3.5200,,,,,,,,Natural Gas,
11:53:47,5.750,Jan22,Option,Call,Block,50,LN,Henry Hub Eu Fin Option,Jan22 5.750 Call,1.3950,,,,,,,,Natural Gas,
11:53:47,5.750,Feb22,Option,Call,Block,50,LN,Henry Hub Eu Fin Option,Feb22 5.750 Call,1.3950,,,,,,,,Natural Gas,
11:53:47,5.750,Mar22,Option,Call,Block,50,LN,Henry Hub Eu Fin Option,Mar22 5.750 Call,1.3950,,,,,,,,Natural Gas,
11:53:47,,Jan22,Future,,Block,36,HP,Henry Hub Look-Alike Fin Future,Jan22,5.7400,,,,,,,,Natural Gas,
11:53:47,,Feb22,Future,,Block,36,HP,Henry Hub Look-Alike Fin Future,Feb22,5.7400,,,,,,,,Natural Gas,
11:53:47,,Mar22,Future,,Block,36,HP,Henry Hub Look-Alike Fin Future,Mar22,5.7400,,,,,,,,Natural Gas,
11:54:36,11.000,Dec21,Option,Call,Block,100,LN,Henry Hub Eu Fin Option,Dec21 11.000 Call,0.2350,,,,,,,,Natural Gas,
11:53:47,5.750,Jan22,Option,Call,Block,50,LN,Henry Hub Eu Fin Option,Jan22 5.750 Call,1.3950,,,,,,,,Natural Gas,
11:53:47,5.750,Feb22,Option,Call,Block,50,LN,Henry Hub Eu Fin Option,Feb22 5.750 Call,1.3950,,,,,,,,Natural Gas,
11:53:47,5.750,Mar22,Option,Call,Block,50,LN,Henry Hub Eu Fin Option,Mar22 5.750 Call,1.3950,,,,,,,,Natural Gas,
11:53:47,,Jan22,Future,,Block,36,HP,Henry Hub Look-Alike Fin Future,Jan22,5.7400,,,,,,,,Natural Gas,
11:53:47,,Feb22,Future,,Block,36,HP,Henry Hub Look-Alike Fin Future,Feb22,5.7400,,,,,,,,Natural Gas,
11:53:47,,Mar22,Future,,Block,36,HP,Henry Hub Look-Alike Fin Future,Mar22,5.7400,,,,,,,,Natural Gas,
11:37:46,3.500,Mar22,Option,Put,Block,500,LN,Henry Hub Eu Fin Option,Mar22 3.500 Put,0.1975,,,,,,,,Natural Gas,
11:37:46,4.000,Mar22,Option,Put,Block,500,LN,Henry Hub Eu Fin Option,Mar22 4.000 Put,0.4300,,,,,,,,Natural Gas,
11:37:46,6.500,Mar22,Option,Call,Block,500,LN,Henry Hub Eu Fin Option,Mar22 6.500 Call,1.2500,,,,,,,,Natural Gas,
11:37:46,7.000,Mar22,Option,Call,Block,500,LN,Henry Hub Eu Fin Option,Mar22 7.000 Call,1.1600,,,,,,,,Natural Gas,
11:37:29,4.500,Dec21,Option,Put,Block,100,LN,Henry Hub Eu Fin Option,Dec21 4.500 Put,0.2525,,,,,,,,Natural Gas,
11:37:29,,Dec21,Future,,Block,18,HP,Henry Hub Look-Alike Fin Future,Dec21,5.8800,,,,,,,,Natural Gas,
11:35:09,11.000,Dec21,Option,Call,Block,100,LN,Henry Hub Eu Fin Option,Dec21 11.000 Call,0.2350,,,,,,,,Natural Gas,
11:35:09,11.000,Dec21,Option,Call,Block,100,LN,Henry Hub Eu Fin Option,Dec21 11.000 Call,0.2350,,,,,,,,Natural Gas,
10:50:00,,Jul22,Future,,Block,168,NN,Henry Hub LD Financial Future,Jul22,4.022,,,,,,,,Natural Gas,
10:50:00,,Aug22,Future,,Block,168,NN,Henry Hub LD Financial Future,Aug22,4.022,,,,,,,,Natural Gas,
10:50:00,,Sep22,Future,,Block,168,NN,Henry Hub LD Financial Future,Sep22,4.022,,,,,,,,Natural Gas,
10:50:00,,Oct22,Future,,Block,168,NN,Henry Hub LD Financial Future,Oct22,4.022,,,,,,,,Natural Gas,
10:50:00,,Nov22,Future,,Block,168,NN,Henry Hub LD Financial Future,Nov22,4.022,,,,,,,,Natural Gas,
10:50:00,,Dec22,Future,,Block,168,NN,Henry Hub LD Financial Future,Dec22,4.022,,,,,,,,Natural Gas,
11:21:35,,Jul22,Future,,Block,75,HH,Henry Hub Fin Future,Jul22,3.930,,,,,,,,Natural Gas,
11:21:35,,Aug22,Future,,Block,75,HH,Henry Hub Fin Future,Aug22,3.930,,,,,,,,Natural Gas,
11:21:35,,Sep22,Future,,Block,75,HH,Henry Hub Fin Future,Sep22,3.930,,,,,,,,Natural Gas,
11:21:35,,Oct22,Future,,Block,75,HH,Henry Hub Fin Future,Oct22,3.930,,,,,,,,Natural Gas,
11:25:05,,Apr22,Future,,Block,70,NG,Henry Hub Future,Apr22,3.924,,,,,,,,Natural Gas,
11:25:05,,May22,Future,,Block,70,NG,Henry Hub Future,May22,3.924,,,,,,,,Natural Gas,
11:25:05,,Jun22,Future,,Block,70,NG,Henry Hub Future,Jun22,3.924,,,,,,,,Natural Gas,
11:25:05,,Jul22,Future,,Block,70,NG,Henry Hub Future,Jul22,3.924,,,,,,,,Natural Gas,
11:25:05,,Aug22,Future,,Block,70,NG,Henry Hub Future,Aug22,3.924,,,,,,,,Natural Gas,
11:25:05,,Sep22,Future,,Block,70,NG,Henry Hub Future,Sep22,3.924,,,,,,,,Natural Gas,
11:25:05,,Oct22,Future,,Block,70,NG,Henry Hub Future,Oct22,3.924,,,,,,,,Natural Gas,
11:15:04,11.000,Dec21,Option,Call,Block,100,LN,Henry Hub Eu Fin Option,Dec21 11.000 Call,0.2400,,,,,,,,Natural Gas,
11:13:30,11.000,Dec21,Option,Call,Block,50,LN,Henry Hub Eu Fin Option,Dec21 11.000 Call,0.2425,,,,,,,,Natural Gas,
11:13:30,11.000,Dec21,Option,Call,Block,100,LN,Henry Hub Eu Fin Option,Dec21 11.000 Call,0.2425,,,,,,,,Natural Gas,
11:12:22,11.000,Dec21,Option,Call,Block,100,LN,Henry Hub Eu Fin Option,Dec21 11.000 Call,0.2550,,,,,,,,Natural Gas,
11:08:41,9.000,Jan22,Option,Call,Block,50,LN,Henry Hub Eu Fin Option,Jan22 9.000 Call,0.8950,,,,,,,,Natural Gas,
11:08:41,9.000,Feb22,Option,Call,Block,50,LN,Henry Hub Eu Fin Option,Feb22 9.000 Call,0.8950,,,,,,,,Natural Gas,
11:08:41,9.000,Mar22,Option,Call,Block,50,LN,Henry Hub Eu Fin Option,Mar22 9.000 Call,0.8950,,,,,,,,Natural Gas,
11:08:41,,Jan22,Future,,Block,19,HP,Henry Hub Look-Alike Fin Future,Jan22,5.8900,,,,,,,,Natural Gas,
11:08:41,,Feb22,Future,,Block,19,HP,Henry Hub Look-Alike Fin Future,Feb22,5.8900,,,,,,,,Natural Gas,
11:08:41,,Mar22,Future,,Block,19,HP,Henry Hub Look-Alike Fin Future,Mar22,5.8900,,,,,,,,Natural Gas,
11:10:50,,Nov21,Future,,Block,45,HH,Henry Hub Fin Future,Nov21,5.800,,,,,,,,Natural Gas,
11:10:50,,Dec21,Future,,Block,45,HH,Henry Hub Fin Future,Dec21,5.800,,,,,,,,Natural Gas,
10:58:00,4.750,Nov21,Option,Put,Block,475,LN,Henry Hub Eu Fin Option,Nov21 4.750 Put,0.0780,,,,,,,,Natural Gas,
10:58:00,6.750,Nov21,Option,Call,Block,475,LN,Henry Hub Eu Fin Option,Nov21 6.750 Call,0.3000,,,,,,,,Natural Gas,
11:08:34,9.000,Jan22,Option,Call,Block,50,LN,Henry Hub Eu Fin Option,Jan22 9.000 Call,0.8950,,,,,,,,Natural Gas,
11:08:34,9.000,Feb22,Option,Call,Block,50,LN,Henry Hub Eu Fin Option,Feb22 9.000 Call,0.8950,,,,,,,,Natural Gas,
11:08:34,9.000,Mar22,Option,Call,Block,50,LN,Henry Hub Eu Fin Option,Mar22 9.000 Call,0.8950,,,,,,,,Natural Gas,
11:08:34,,Jan22,Future,,Block,20,HP,Henry Hub Look-Alike Fin Future,Jan22,5.8900,,,,,,,,Natural Gas,
11:08:34,,Feb22,Future,,Block,20,HP,Henry Hub Look-Alike Fin Future,Feb22,5.8900,,,,,,,,Natural Gas,
11:08:34,,Mar22,Future,,Block,20,HP,Henry Hub Look-Alike Fin Future,Mar22,5.8900,,,,,,,,Natural Gas,
11:10:35,9.000,Mar22,Option,Call,Block,100,LN,Henry Hub Eu Fin Option,Mar22 9.000 Call,0.9600,,,,,,,,Natural Gas,
11:10:35,,Mar22,Future,,Block,43,HP,Henry Hub Look-Alike Fin Future,Mar22,5.6200,,,,,,,,Natural Gas,
11:09:41,9.000,Mar22,Option,Call,Block,200,LN,Henry Hub Eu Fin Option,Mar22 9.000 Call,0.9600,,,,,,,,Natural Gas,
11:09:41,,Mar22,Future,,Block,86,HP,Henry Hub Look-Alike Fin Future,Mar22,5.6200,,,,,,,,Natural Gas,
10:48:00,5.500,Dec21,Option,Put,Block,50,LN,Henry Hub Eu Fin Option,Dec21 5.500 Put,0.7445,,,,,,,,Natural Gas,
10:48:00,4.750,Dec21,Option,Put,Block,100,LN,Henry Hub Eu Fin Option,Dec21 4.750 Put,0.3410,,,,,,,,Natural Gas,
10:48:00,,Dec21,Future,,Block,4,NG,Henry Hub Future,Dec21,6.020,,,,,,,,Natural Gas,
10:46:00,5.500,Dec21,Option,Put,Block,100,LN,Henry Hub Eu Fin Option,Dec21 5.500 Put,0.7445,,,,,,,,Natural Gas,
10:46:00,4.750,Dec21,Option,Put,Block,200,LN,Henry Hub Eu Fin Option,Dec21 4.750 Put,0.3410,,,,,,,,Natural Gas,
10:46:00,,Dec21,Future,,Block,8,NG,Henry Hub Future,Dec21,6.020,,,,,,,,Natural Gas,
10:44:00,5.500,Dec21,Option,Put,Block,100,LN,Henry Hub Eu Fin Option,Dec21 5.500 Put,0.7445,,,,,,,,Natural Gas,
10:44:00,4.750,Dec21,Option,Put,Block,200,LN,Henry Hub Eu Fin Option,Dec21 4.750 Put,0.3410,,,,,,,,Natural Gas,
10:44:00,,Dec21,Future,,Block,8,NG,Henry Hub Future,Dec21,6.020,,,,,,,,Natural Gas,
10:45:45,6.000,Jan22,Option,Put,Block,50,LN,Henry Hub Eu Fin Option,Jan22 6.000 Put,1.3900,,,,,,,,Natural Gas,
10:45:45,6.000,Feb22,Option,Put,Block,50,LN,Henry Hub Eu Fin Option,Feb22 6.000 Put,1.3900,,,,,,,,Natural Gas,
10:45:45,,Jan22,Future,,Block,19,HP,Henry Hub Look-Alike Fin Future,Jan22,6.0800,,,,,,,,Natural Gas,
10:45:45,,Feb22,Future,,Block,19,HP,Henry Hub Look-Alike Fin Future,Feb22,6.0800,,,,,,,,Natural Gas,
10:38:17,5.500,Dec21,Option,Put,Block,100,LN,Henry Hub Eu Fin Option,Dec21 5.500 Put,0.7500,,,,,,,,Natural Gas,
10:38:17,5.250,Dec21,Option,Put,Block,100,LN,Henry Hub Eu Fin Option,Dec21 5.250 Put,0.6050,,,,,,,,Natural Gas,
10:38:00,,Dec21,Future,,Block,200,NG,Henry Hub Future,Dec21,5.993,,,,,,,,Natural Gas,
10:38:00,,Dec21,Future,,Block,200,HH,Henry Hub Fin Future,Dec21,5.980,,,,,,,,Natural Gas,
10:31:00,6.250,Nov21,Option,Call,Block,100,LN,Henry Hub Eu Fin Option,Nov21 6.250 Call,0.4100,,,,,,,,Natural Gas,
10:31:00,6.750,Nov21,Option,Call,Block,100,LN,Henry Hub Eu Fin Option,Nov21 6.750 Call,0.2900,,,,,,,,Natural Gas,
10:37:41,5.000,Feb22,Option,Put,Block,25,LN,Henry Hub Eu Fin Option,Feb22 5.000 Put,0.8450,,,,,,,,Natural Gas,
10:37:41,,Feb22,Future,,Block,35,NP,Henry Hub Pen Fin Future,Feb22,5.930,,,,,,,,Natural Gas,
10:38:39,5.000,Feb22,Option,Put,Block,650,LN,Henry Hub Eu Fin Option,Feb22 5.000 Put,0.8200,,,,,,,,Natural Gas,
10:38:39,,Feb22,Future,,Block,832,NP,Henry Hub Pen Fin Future,Feb22,6.000,,,,,,,,Natural Gas,
10:36:01,5.000,Feb22,Option,Put,Block,100,LN,Henry Hub Eu Fin Option,Feb22 5.000 Put,0.8200,,,,,,,,Natural Gas,
10:36:01,,Feb22,Future,,Block,128,NP,Henry Hub Pen Fin Future,Feb22,6.000,,,,,,,,Natural Gas,
10:29:55,3.000,Apr22,Option,Put,Block,75,LN,Henry Hub Eu Fin Option,Apr22 3.000 Put,0.1440,,,,,,,,Natural Gas,
10:29:55,3.000,May22,Option,Put,Block,75,LN,Henry Hub Eu Fin Option,May22 3.000 Put,0.1440,,,,,,,,Natural Gas,
10:29:55,3.000,Jun22,Option,Put,Block,75,LN,Henry Hub Eu Fin Option,Jun22 3.000 Put,0.1440,,,,,,,,Natural Gas,
10:29:55,3.000,Jul22,Option,Put,Block,75,LN,Henry Hub Eu Fin Option,Jul22 3.000 Put,0.1440,,,,,,,,Natural Gas,
10:29:55,3.000,Aug22,Option,Put,Block,75,LN,Henry Hub Eu Fin Option,Aug22 3.000 Put,0.1440,,,,,,,,Natural Gas,
10:29:55,3.000,Sep22,Option,Put,Block,75,LN,Henry Hub Eu Fin Option,Sep22 3.000 Put,0.1440,,,,,,,,Natural Gas,
10:29:55,3.000,Oct22,Option,Put,Block,75,LN,Henry Hub Eu Fin Option,Oct22 3.000 Put,0.1440,,,,,,,,Natural Gas,
10:29:55,2.750,Apr22,Option,Put,Block,75,LN,Henry Hub Eu Fin Option,Apr22 2.750 Put,0.0900,,,,,,,,Natural Gas,
10:29:55,2.750,May22,Option,Put,Block,75,LN,Henry Hub Eu Fin Option,May22 2.750 Put,0.0900,,,,,,,,Natural Gas,
10:29:55,2.750,Jun22,Option,Put,Block,75,LN,Henry Hub Eu Fin Option,Jun22 2.750 Put,0.0900,,,,,,,,Natural Gas,
10:29:55,2.750,Jul22,Option,Put,Block,75,LN,Henry Hub Eu Fin Option,Jul22 2.750 Put,0.0900,,,,,,,,Natural Gas,
10:29:55,2.750,Aug22,Option,Put,Block,75,LN,Henry Hub Eu Fin Option,Aug22 2.750 Put,0.0900,,,,,,,,Natural Gas,
10:29:55,2.750,Sep22,Option,Put,Block,75,LN,Henry Hub Eu Fin Option,Sep22 2.750 Put,0.0900,,,,,,,,Natural Gas,
10:29:55,2.750,Oct22,Option,Put,Block,75,LN,Henry Hub Eu Fin Option,Oct22 2.750 Put,0.0900,,,,,,,,Natural Gas,
10:22:30,4.500,Mar22,Option,Put,Block,250,LN,Henry Hub Eu Fin Option,Mar22 4.500 Put,0.7200,,,,,,,,Natural Gas,
10:22:30,4.000,Mar22,Option,Put,Block,250,LN,Henry Hub Eu Fin Option,Mar22 4.000 Put,0.4250,,,,,,,,Natural Gas,
10:22:30,,Mar22,Future,,Block,15,HP,Henry Hub Look-Alike Fin Future,Mar22,5.6500,,,,,,,,Natural Gas,
10:25:00,,Jan22,Future,,Block,100,HH,Henry Hub Fin Future,Jan22,6.074,,,,,,,,Natural Gas,
10:22:29,4.500,Mar22,Option,Put,Block,50,LN,Henry Hub Eu Fin Option,Mar22 4.500 Put,0.7200,,,,,,,,Natural Gas,
10:22:29,4.000,Mar22,Option,Put,Block,50,LN,Henry Hub Eu Fin Option,Mar22 4.000 Put,0.4250,,,,,,,,Natural Gas,
10:22:29,,Mar22,Future,,Block,3,HP,Henry Hub Look-Alike Fin Future,Mar22,5.6500,,,,,,,,Natural Gas,
10:28:31,7.000,Mar22,Option,Call,Block,100,LN,Henry Hub Eu Fin Option,Mar22 7.000 Call,1.2620,,,,,,,,Natural Gas,
10:28:31,10.000,Mar22,Option,Call,Block,100,LN,Henry Hub Eu Fin Option,Mar22 10.000 Call,0.8700,,,,,,,,Natural Gas,
10:28:31,,Mar22,Future,,Block,12,HP,Henry Hub Look-Alike Fin Future,Mar22,5.6200,,,,,,,,Natural Gas,
10:26:03,9.000,Jan22,Option,Call,Block,100,LN,Henry Hub Eu Fin Option,Jan22 9.000 Call,0.9000,,,,,,,,Natural Gas,
10:26:03,9.000,Feb22,Option,Call,Block,100,LN,Henry Hub Eu Fin Option,Feb22 9.000 Call,0.9000,,,,,,,,Natural Gas,
10:26:03,9.000,Mar22,Option,Call,Block,100,LN,Henry Hub Eu Fin Option,Mar22 9.000 Call,0.9000,,,,,,,,Natural Gas,
10:26:03,,Jan22,Future,,Block,39,HP,Henry Hub Look-Alike Fin Future,Jan22,5.8900,,,,,,,,Natural Gas,
10:26:03,,Feb22,Future,,Block,39,HP,Henry Hub Look-Alike Fin Future,Feb22,5.8900,,,,,,,,Natural Gas,
10:26:03,,Mar22,Future,,Block,39,HP,Henry Hub Look-Alike Fin Future,Mar22,5.8900,,,,,,,,Natural Gas,
10:22:28,4.500,Mar22,Option,Put,Block,800,LN,Henry Hub Eu Fin Option,Mar22 4.500 Put,0.7200,,,,,,,,Natural Gas,
10:22:28,4.000,Mar22,Option,Put,Block,800,LN,Henry Hub Eu Fin Option,Mar22 4.000 Put,0.4250,,,,,,,,Natural Gas,
10:22:28,,Mar22,Future,,Block,48,HP,Henry Hub Look-Alike Fin Future,Mar22,5.6500,,,,,,,,Natural Gas,
10:22:27,4.500,Mar22,Option,Put,Block,100,LN,Henry Hub Eu Fin Option,Mar22 4.500 Put,0.7200,,,,,,,,Natural Gas,
10:22:27,4.000,Mar22,Option,Put,Block,100,LN,Henry Hub Eu Fin Option,Mar22 4.000 Put,0.4250,,,,,,,,Natural Gas,
10:22:27,,Mar22,Future,,Block,6,HP,Henry Hub Look-Alike Fin Future,Mar22,5.6500,,,,,,,,Natural Gas,
10:22:26,4.500,Mar22,Option,Put,Block,300,LN,Henry Hub Eu Fin Option,Mar22 4.500 Put,0.7200,,,,,,,,Natural Gas,
10:22:26,4.000,Mar22,Option,Put,Block,300,LN,Henry Hub Eu Fin Option,Mar22 4.000 Put,0.4250,,,,,,,,Natural Gas,
10:22:26,,Mar22,Future,,Block,18,HP,Henry Hub Look-Alike Fin Future,Mar22,5.6500,,,,,,,,Natural Gas,
10:22:25,4.500,Mar22,Option,Put,Block,300,LN,Henry Hub Eu Fin Option,Mar22 4.500 Put,0.7200,,,,,,,,Natural Gas,
10:22:25,4.000,Mar22,Option,Put,Block,300,LN,Henry Hub Eu Fin Option,Mar22 4.000 Put,0.4250,,,,,,,,Natural Gas,
10:22:25,,Mar22,Future,,Block,18,HP,Henry Hub Look-Alike Fin Future,Mar22,5.6500,,,,,,,,Natural Gas,
10:20:24,1.000,Mar22,Option,Call,Block,250,G4,Henry Hub Nat Gas Fin 1 Mo CSO,Mar22 1.000 Call,1.375,,,,,,,,Natural Gas,
10:20:24,,Mar22,Future,,Block,250,NG,Henry Hub Future,Mar22,5.600,,,,,,,,Natural Gas,
10:20:24,,Apr22,Future,,Block,250,NG,Henry Hub Future,Apr22,4.000,,,,,,,,Natural Gas,
10:15:10,5.000,Feb22,Option,Put,Block,100,LN,Henry Hub Eu Fin Option,Feb22 5.000 Put,0.8450,,,,,,,,Natural Gas,
10:15:10,,Feb22,Future,,Block,27,HP,Henry Hub Look-Alike Fin Future,Feb22,5.9300,,,,,,,,Natural Gas,
10:14:00,5.000,Dec21,Option,Put,Block,250,LN,Henry Hub Eu Fin Option,Dec21 5.000 Put,0.4675,,,,,,,,Natural Gas,
10:14:00,4.500,Dec21,Option,Put,Block,500,LN,Henry Hub Eu Fin Option,Dec21 4.500 Put,0.2400,,,,,,,,Natural Gas,
10:10:13,5.000,Feb22,Option,Put,Block,200,LN,Henry Hub Eu Fin Option,Feb22 5.000 Put,0.8450,,,,,,,,Natural Gas,
10:10:13,,Feb22,Future,,Block,70,HP,Henry Hub Look-Alike Fin Future,Feb22,5.9300,,,,,,,,Natural Gas,
10:07:03,5.000,Feb22,Option,Put,Block,50,LN,Henry Hub Eu Fin Option,Feb22 5.000 Put,0.8450,,,,,,,,Natural Gas,
10:07:03,,Feb22,Future,,Block,70,NP,Henry Hub Pen Fin Future,Feb22,5.930,,,,,,,,Natural Gas,
10:05:10,,Apr22,Future,,Block,500,NG,Henry Hub Future,Apr22,4.055,,,,,,,,Natural Gas,
10:04:40,,Apr22,Future,,Block,100,NG,Henry Hub Future,Apr22,3.970,,,,,,,,Natural Gas,
10:04:40,,May22,Future,,Block,100,NG,Henry Hub Future,May22,3.970,,,,,,,,Natural Gas,
10:04:40,,Jun22,Future,,Block,100,NG,Henry Hub Future,Jun22,3.970,,,,,,,,Natural Gas,
10:04:40,,Jul22,Future,,Block,100,NG,Henry Hub Future,Jul22,3.970,,,,,,,,Natural Gas,
10:04:40,,Aug22,Future,,Block,100,NG,Henry Hub Future,Aug22,3.970,,,,,,,,Natural Gas,
10:04:40,,Sep22,Future,,Block,100,NG,Henry Hub Future,Sep22,3.970,,,,,,,,Natural Gas,
10:04:40,,Oct22,Future,,Block,100,NG,Henry Hub Future,Oct22,3.970,,,,,,,,Natural Gas,
10:02:28,5.500,Nov21,Option,Put,Block,100,LN,Henry Hub Eu Fin Option,Nov21 5.500 Put,0.3630,,,,,,,,Natural Gas,
10:02:28,3.900,Nov21,Option,Put,Block,100,LN,Henry Hub Eu Fin Option,Nov21 3.900 Put,0.0080,,,,,,,,Natural Gas,
10:02:28,6.500,Nov21,Option,Call,Block,100,LN,Henry Hub Eu Fin Option,Nov21 6.500 Call,0.3500,,,,,,,,Natural Gas,
10:02:28,,Nov21,Future,,Block,72,HP,Henry Hub Look-Alike Fin Future,Nov21,5.8500,,,,,,,,Natural Gas,
09:57:00,7.000,Dec21,Option,Call,Block,100,LN,Henry Hub Eu Fin Option,Dec21 7.000 Call,0.7825,,,,,,,,Natural Gas,
09:57:00,,Dec21,Future,,Block,46,HP,Henry Hub Look-Alike Fin Future,Dec21,5.9800,,,,,,,,Natural Gas,
09:59:00,,Nov21,Future,,Block,100,NG,Henry Hub Future,Nov21,5.900,,,,,,,,Natural Gas,
09:59:00,,Nov21,Future,,Block,140,NG,Henry Hub Future,Nov21,5.900,,,,,,,,Natural Gas,
09:50:00,12.000,Nov21,Option,Call,Block,100,LN,Henry Hub Eu Fin Option,Nov21 12.000 Call,0.0350,,,,,,,,Natural Gas,
09:53:10,5.000,Jan22,Option,Put,Block,400,LN,Henry Hub Eu Fin Option,Jan22 5.000 Put,0.6400,,,,,,,,Natural Gas,
09:53:10,4.750,Jan22,Option,Put,Block,400,LN,Henry Hub Eu Fin Option,Jan22 4.750 Put,0.5000,,,,,,,,Natural Gas,
09:50:00,12.000,Nov21,Option,Call,Block,100,LN,Henry Hub Eu Fin Option,Nov21 12.000 Call,0.0350,,,,,,,,Natural Gas,
09:48:07,5.500,Nov21,Option,Put,Block,200,LN,Henry Hub Eu Fin Option,Nov21 5.500 Put,0.3300,,,,,,,,Natural Gas,
09:48:07,5.500,Dec21,Option,Put,Block,200,LN,Henry Hub Eu Fin Option,Dec21 5.500 Put,0.7200,,,,,,,,Natural Gas,
09:48:07,,Nov21,Future,,Block,68,HP,Henry Hub Look-Alike Fin Future,Nov21,5.8700,,,,,,,,Natural Gas,
09:48:07,,Dec21,Future,,Block,76,HP,Henry Hub Look-Alike Fin Future,Dec21,5.9900,,,,,,,,Natural Gas,
09:48:07,5.500,Nov21,Option,Put,Block,50,LN,Henry Hub Eu Fin Option,Nov21 5.500 Put,0.3300,,,,,,,,Natural Gas,
09:48:07,5.500,Dec21,Option,Put,Block,50,LN,Henry Hub Eu Fin Option,Dec21 5.500 Put,0.7200,,,,,,,,Natural Gas,
09:48:07,,Nov21,Future,,Block,17,HP,Henry Hub Look-Alike Fin Future,Nov21,5.8700,,,,,,,,Natural Gas,
09:48:07,,Dec21,Future,,Block,19,HP,Henry Hub Look-Alike Fin Future,Dec21,5.9900,,,,,,,,Natural Gas,
09:44:37,5.500,Nov21,Option,Put,Block,100,LN,Henry Hub Eu Fin Option,Nov21 5.500 Put,0.3300,,,,,,,,Natural Gas,
09:44:37,5.500,Dec21,Option,Put,Block,100,LN,Henry Hub Eu Fin Option,Dec21 5.500 Put,0.7200,,,,,,,,Natural Gas,
09:44:37,,Nov21,Future,,Block,34,HP,Henry Hub Look-Alike Fin Future,Nov21,5.8700,,,,,,,,Natural Gas,
09:44:37,,Dec21,Future,,Block,38,HP,Henry Hub Look-Alike Fin Future,Dec21,5.9900,,,,,,,,Natural Gas,
09:44:37,5.500,Nov21,Option,Put,Block,100,LN,Henry Hub Eu Fin Option,Nov21 5.500 Put,0.3300,,,,,,,,Natural Gas,
09:44:37,5.500,Dec21,Option,Put,Block,100,LN,Henry Hub Eu Fin Option,Dec21 5.500 Put,0.7200,,,,,,,,Natural Gas,
09:44:37,,Nov21,Future,,Block,34,HP,Henry Hub Look-Alike Fin Future,Nov21,5.8700,,,,,,,,Natural Gas,
09:44:37,,Dec21,Future,,Block,38,HP,Henry Hub Look-Alike Fin Future,Dec21,5.9900,,,,,,,,Natural Gas,
09:42:19,5.500,Nov21,Option,Put,Block,500,LN,Henry Hub Eu Fin Option,Nov21 5.500 Put,0.3650,,,,,,,,Natural Gas,
09:42:19,5.000,Nov21,Option,Put,Block,"1,000",LN,Henry Hub Eu Fin Option,Nov21 5.000 Put,0.1650,,,,,,,,Natural Gas,
09:42:19,,Nov21,Future,,Block,30,HP,Henry Hub Look-Alike Fin Future,Nov21,5.8500,,,,,,,,Natural Gas,
09:49:33,5.000,Mar22,Option,Put,Block,150,LN,Henry Hub Eu Fin Option,Mar22 5.000 Put,1.0850,,,,,,,,Natural Gas,
09:49:33,3.500,Mar22,Option,Put,Block,150,LN,Henry Hub Eu Fin Option,Mar22 3.500 Put,0.2000,,,,,,,,Natural Gas,
09:49:33,,Mar22,Future,,Block,27,HP,Henry Hub Look-Alike Fin Future,Mar22,5.6100,,,,,,,,Natural Gas,
09:39:16,4.750,Dec21,Option,Put,Block,200,LN,Henry Hub Eu Fin Option,Dec21 4.750 Put,0.3740,,,,,,,,Natural Gas,
09:39:16,3.750,Dec21,Option,Put,Block,400,LN,Henry Hub Eu Fin Option,Dec21 3.750 Put,0.0620,,,,,,,,Natural Gas,
09:39:16,,Dec21,Future,,Block,24,HP,Henry Hub Look-Alike Fin Future,Dec21,5.9600,,,,,,,,Natural Gas,
09:36:10,3.750,Mar22,Option,Put,Block,150,LN,Henry Hub Eu Fin Option,Mar22 3.750 Put,0.2980,,,,,,,,Natural Gas,
09:36:10,3.250,Mar22,Option,Put,Block,150,LN,Henry Hub Eu Fin Option,Mar22 3.250 Put,0.1080,,,,,,,,Natural Gas,
09:36:10,,Mar22,Future,,Block,9,HP,Henry Hub Look-Alike Fin Future,Mar22,5.6000,,,,,,,,Natural Gas,
09:36:09,3.750,Mar22,Option,Put,Block,50,LN,Henry Hub Eu Fin Option,Mar22 3.750 Put,0.2980,,,,,,,,Natural Gas,
09:36:09,3.250,Mar22,Option,Put,Block,50,LN,Henry Hub Eu Fin Option,Mar22 3.250 Put,0.1080,,,,,,,,Natural Gas,
09:36:09,,Mar22,Future,,Block,3,HP,Henry Hub Look-Alike Fin Future,Mar22,5.6000,,,,,,,,Natural Gas,
09:36:00,3.250,Jan22,Option,Put,Block,250,LN,Henry Hub Eu Fin Option,Jan22 3.250 Put,0.0150,,,,,,,,Natural Gas,
09:36:00,3.000,Jan22,Option,Put,Block,250,LN,Henry Hub Eu Fin Option,Jan22 3.000 Put,0.0050,,,,,,,,Natural Gas,
09:33:16,8.000,Jan22,Option,Call,Block,300,LN,Henry Hub Eu Fin Option,Jan22 8.000 Call,0.9450,,,,,,,,Natural Gas,
09:33:16,,Jan22,Future,,Block,129,HP,Henry Hub Look-Alike Fin Future,Jan22,6.0900,,,,,,,,Natural Gas,
09:29:06,0.050,Nov21,Option,Call,Block,"1,000",G4,Henry Hub Nat Gas Fin 1 Mo CSO,Nov21 0.050 Call,0.006,,,,,,,,Natural Gas,
09:29:06,0.050,Nov21,Option,Call,Block,"1,000",G4,Henry Hub Nat Gas Fin 1 Mo CSO,Nov21 0.050 Call,0.005,,,,,,,,Natural Gas,
09:23:00,4.250,Jan22,Option,Put,Block,100,LN,Henry Hub Eu Fin Option,Jan22 4.250 Put,0.2600,,,,,,,,Natural Gas,
09:23:00,,Jan22,Future,,Block,18,HP,Henry Hub Look-Alike Fin Future,Jan22,6.0600,,,,,,,,Natural Gas,
09:29:06,0.000,Nov21,Option,Call,Block,"2,000",G4,Henry Hub Nat Gas Fin 1 Mo CSO,Nov21 0.000 Call,0.010,,,,,,,,Natural Gas,
09:23:00,4.250,Jan22,Option,Put,Block,100,LN,Henry Hub Eu Fin Option,Jan22 4.250 Put,0.2600,,,,,,,,Natural Gas,
09:23:00,,Jan22,Future,,Block,18,HP,Henry Hub Look-Alike Fin Future,Jan22,6.0600,,,,,,,,Natural Gas,
09:23:00,4.250,Jan22,Option,Put,Block,150,LN,Henry Hub Eu Fin Option,Jan22 4.250 Put,0.2600,,,,,,,,Natural Gas,
09:23:00,,Jan22,Future,,Block,27,HP,Henry Hub Look-Alike Fin Future,Jan22,6.0600,,,,,,,,Natural Gas,
09:25:29,15.000,Jan22,Option,Call,Block,200,LN,Henry Hub Eu Fin Option,Jan22 15.000 Call,0.2875,,,,,,,,Natural Gas,
09:25:29,,Jan22,Future,,Block,30,HP,Henry Hub Look-Alike Fin Future,Jan22,6.0800,,,,,,,,Natural Gas,
09:22:41,15.000,Jan22,Option,Call,Block,200,LN,Henry Hub Eu Fin Option,Jan22 15.000 Call,0.2875,,,,,,,,Natural Gas,
09:22:41,,Jan22,Future,,Block,30,HP,Henry Hub Look-Alike Fin Future,Jan22,6.0800,,,,,,,,Natural Gas,
09:18:36,9.000,Mar22,Option,Call,Block,700,LN,Henry Hub Eu Fin Option,Mar22 9.000 Call,0.9450,,,,,,,,Natural Gas,
09:18:36,,Mar22,Future,,Block,301,HP,Henry Hub Look-Alike Fin Future,Mar22,5.5700,,,,,,,,Natural Gas,
09:12:09,8.500,Dec21,Option,Call,Block,500,LN,Henry Hub Eu Fin Option,Dec21 8.500 Call,0.5200,,,,,,,,Natural Gas,
09:12:09,15.000,Dec21,Option,Call,Block,500,LN,Henry Hub Eu Fin Option,Dec21 15.000 Call,0.1050,,,,,,,,Natural Gas,
09:12:09,,Dec21,Future,,Block,120,HP,Henry Hub Look-Alike Fin Future,Dec21,6.0100,,,,,,,,Natural Gas,
09:10:31,4.500,Mar22,Option,Put,Block,350,LN,Henry Hub Eu Fin Option,Mar22 4.500 Put,0.7450,,,,,,,,Natural Gas,
09:10:31,3.500,Mar22,Option,Put,Block,700,LN,Henry Hub Eu Fin Option,Mar22 3.500 Put,0.2000,,,,,,,,Natural Gas,
09:13:00,10.000,Jan22,Option,Call,Block,100,LN,Henry Hub Eu Fin Option,Jan22 10.000 Call,0.6250,,,,,,,,Natural Gas,
09:13:00,15.000,Jan22,Option,Call,Block,100,LN,Henry Hub Eu Fin Option,Jan22 15.000 Call,0.2850,,,,,,,,Natural Gas,
09:13:00,,Jan22,Future,,Block,21,HP,Henry Hub Look-Alike Fin Future,Jan22,6.0800,,,,,,,,Natural Gas,
09:10:30,4.500,Mar22,Option,Put,Block,50,LN,Henry Hub Eu Fin Option,Mar22 4.500 Put,0.7450,,,,,,,,Natural Gas,
09:10:30,3.500,Mar22,Option,Put,Block,100,LN,Henry Hub Eu Fin Option,Mar22 3.500 Put,0.2000,,,,,,,,Natural Gas,
09:10:29,4.500,Mar22,Option,Put,Block,100,LN,Henry Hub Eu Fin Option,Mar22 4.500 Put,0.7450,,,,,,,,Natural Gas,
09:10:29,3.500,Mar22,Option,Put,Block,200,LN,Henry Hub Eu Fin Option,Mar22 3.500 Put,0.2000,,,,,,,,Natural Gas,
09:10:28,4.500,Mar22,Option,Put,Block,500,LN,Henry Hub Eu Fin Option,Mar22 4.500 Put,0.7450,,,,,,,,Natural Gas,
09:10:28,3.500,Mar22,Option,Put,Block,"1,000",LN,Henry Hub Eu Fin Option,Mar22 3.500 Put,0.2000,,,,,,,,Natural Gas,
09:10:27,4.500,Mar22,Option,Put,Block,500,LN,Henry Hub Eu Fin Option,Mar22 4.500 Put,0.7450,,,,,,,,Natural Gas,
09:10:27,3.500,Mar22,Option,Put,Block,"1,000",LN,Henry Hub Eu Fin Option,Mar22 3.500 Put,0.2000,,,,,,,,Natural Gas,
09:11:27,9.000,Mar22,Option,Call,Block,250,LN,Henry Hub Eu Fin Option,Mar22 9.000 Call,0.9450,,,,,,,,Natural Gas,
09:11:27,,Mar22,Future,,Block,430,NP,Henry Hub Pen Fin Future,Mar22,5.570,,,,,,,,Natural Gas,
09:09:38,9.000,Mar22,Option,Call,Block,50,LN,Henry Hub Eu Fin Option,Mar22 9.000 Call,0.9450,,,,,,,,Natural Gas,
09:09:38,,Mar22,Future,,Block,86,NP,Henry Hub Pen Fin Future,Mar22,5.570,,,,,,,,Natural Gas,
08:59:02,6.500,Nov21,Option,Call,Block,200,LN,Henry Hub Eu Fin Option,Nov21 6.500 Call,0.3700,,,,,,,,Natural Gas,
08:59:02,7.000,Nov21,Option,Call,Block,200,LN,Henry Hub Eu Fin Option,Nov21 7.000 Call,0.2710,,,,,,,,Natural Gas,
08:59:02,,Nov21,Future,,Block,18,HP,Henry Hub Look-Alike Fin Future,Nov21,5.8400,,,,,,,,Natural Gas,
08:59:02,6.500,Nov21,Option,Call,Block,100,LN,Henry Hub Eu Fin Option,Nov21 6.500 Call,0.3700,,,,,,,,Natural Gas,
08:59:02,7.000,Nov21,Option,Call,Block,100,LN,Henry Hub Eu Fin Option,Nov21 7.000 Call,0.2710,,,,,,,,Natural Gas,
08:59:02,,Nov21,Future,,Block,9,HP,Henry Hub Look-Alike Fin Future,Nov21,5.8400,,,,,,,,Natural Gas,
08:51:00,,Mar22,Future,,Block,63,NG,Henry Hub Future,Mar22,5.542,,,,,,,,Natural Gas,
08:51:00,,Mar22,Future,,Block,252,NP,Henry Hub Pen Fin Future,Mar22,5.541,,,,,,,,Natural Gas,
08:51:00,,Mar22,Future,,Block,63,NG,Henry Hub Future,Mar22,5.542,,,,,,,,Natural Gas,
08:51:00,,Mar22,Future,,Block,252,NP,Henry Hub Pen Fin Future,Mar22,5.540,,,,,,,,Natural Gas,
08:47:38,6.000,Dec21,Option,Call,Block,200,LN,Henry Hub Eu Fin Option,Dec21 6.000 Call,1.0380,,,,,,,,Natural Gas,
08:47:38,8.000,Dec21,Option,Call,Block,200,LN,Henry Hub Eu Fin Option,Dec21 8.000 Call,0.5630,,,,,,,,Natural Gas,
08:47:37,6.000,Dec21,Option,Call,Block,50,LN,Henry Hub Eu Fin Option,Dec21 6.000 Call,1.0380,,,,,,,,Natural Gas,
08:47:37,8.000,Dec21,Option,Call,Block,50,LN,Henry Hub Eu Fin Option,Dec21 8.000 Call,0.5630,,,,,,,,Natural Gas,
08:47:36,6.000,Dec21,Option,Call,Block,100,LN,Henry Hub Eu Fin Option,Dec21 6.000 Call,1.0380,,,,,,,,Natural Gas,
08:47:36,8.000,Dec21,Option,Call,Block,100,LN,Henry Hub Eu Fin Option,Dec21 8.000 Call,0.5630,,,,,,,,Natural Gas,
08:47:35,6.000,Dec21,Option,Call,Block,300,LN,Henry Hub Eu Fin Option,Dec21 6.000 Call,1.0380,,,,,,,,Natural Gas,
08:47:35,8.000,Dec21,Option,Call,Block,300,LN,Henry Hub Eu Fin Option,Dec21 8.000 Call,0.5630,,,,,,,,Natural Gas,
08:45:00,5.500,Dec21,Option,Put,Block,200,LN,Henry Hub Eu Fin Option,Dec21 5.500 Put,0.7680,,,,,,,,Natural Gas,
08:45:00,5.000,Dec21,Option,Put,Block,200,LN,Henry Hub Eu Fin Option,Dec21 5.000 Put,0.4900,,,,,,,,Natural Gas,
08:45:00,,Dec21,Future,,Block,16,HP,Henry Hub Look-Alike Fin Future,Dec21,5.9700,,,,,,,,Natural Gas,
08:43:00,5.500,Dec21,Option,Put,Block,100,LN,Henry Hub Eu Fin Option,Dec21 5.500 Put,0.7680,,,,,,,,Natural Gas,
08:43:00,5.000,Dec21,Option,Put,Block,100,LN,Henry Hub Eu Fin Option,Dec21 5.000 Put,0.4900,,,,,,,,Natural Gas,
08:43:00,,Dec21,Future,,Block,8,HP,Henry Hub Look-Alike Fin Future,Dec21,5.9700,,,,,,,,Natural Gas,
08:42:00,,Nov21,Future,,Block,15,HH,Henry Hub Fin Future,Nov21,4.700,,,,,,,,Natural Gas,
08:42:00,,Dec21,Future,,Block,15,HH,Henry Hub Fin Future,Dec21,4.700,,,,,,,,Natural Gas,
08:42:00,,Jan22,Future,,Block,15,HH,Henry Hub Fin Future,Jan22,4.700,,,,,,,,Natural Gas,
08:42:00,,Feb22,Future,,Block,15,HH,Henry Hub Fin Future,Feb22,4.700,,,,,,,,Natural Gas,
08:42:00,,Mar22,Future,,Block,15,HH,Henry Hub Fin Future,Mar22,4.700,,,,,,,,Natural Gas,
08:42:00,,Apr22,Future,,Block,15,HH,Henry Hub Fin Future,Apr22,4.700,,,,,,,,Natural Gas,
08:42:00,,May22,Future,,Block,15,HH,Henry Hub Fin Future,May22,4.700,,,,,,,,Natural Gas,
08:42:00,,Jun22,Future,,Block,15,HH,Henry Hub Fin Future,Jun22,4.700,,,,,,,,Natural Gas,
08:42:00,,Jul22,Future,,Block,15,HH,Henry Hub Fin Future,Jul22,4.700,,,,,,,,Natural Gas,
08:42:00,,Aug22,Future,,Block,15,HH,Henry Hub Fin Future,Aug22,4.700,,,,,,,,Natural Gas,
08:42:00,,Sep22,Future,,Block,15,HH,Henry Hub Fin Future,Sep22,4.700,,,,,,,,Natural Gas,
08:42:00,,Oct22,Future,,Block,15,HH,Henry Hub Fin Future,Oct22,4.700,,,,,,,,Natural Gas,
08:41:27,11.000,Dec21,Option,Call,Block,50,LN,Henry Hub Eu Fin Option,Dec21 11.000 Call,0.2475,,,,,,,,Natural Gas,
08:43:00,5.500,Dec21,Option,Put,Block,100,LN,Henry Hub Eu Fin Option,Dec21 5.500 Put,0.7680,,,,,,,,Natural Gas,
08:43:00,5.000,Dec21,Option,Put,Block,100,LN,Henry Hub Eu Fin Option,Dec21 5.000 Put,0.4900,,,,,,,,Natural Gas,
08:43:00,,Dec21,Future,,Block,8,HP,Henry Hub Look-Alike Fin Future,Dec21,5.9700,,,,,,,,Natural Gas,
08:41:27,11.000,Dec21,Option,Call,Block,100,LN,Henry Hub Eu Fin Option,Dec21 11.000 Call,0.2475,,,,,,,,Natural Gas,
08:41:00,5.500,Dec21,Option,Put,Block,100,LN,Henry Hub Eu Fin Option,Dec21 5.500 Put,0.7680,,,,,,,,Natural Gas,
08:41:00,5.000,Dec21,Option,Put,Block,100,LN,Henry Hub Eu Fin Option,Dec21 5.000 Put,0.4900,,,,,,,,Natural Gas,
08:41:00,,Dec21,Future,,Block,8,HP,Henry Hub Look-Alike Fin Future,Dec21,5.9700,,,,,,,,Natural Gas,
08:30:00,,Nov21,Future,,Block,15,HH,Henry Hub Fin Future,Nov21,4.750,,,,,,,,Natural Gas,
08:30:00,,Dec21,Future,,Block,15,HH,Henry Hub Fin Future,Dec21,4.750,,,,,,,,Natural Gas,
08:30:00,,Jan22,Future,,Block,15,HH,Henry Hub Fin Future,Jan22,4.750,,,,,,,,Natural Gas,
08:30:00,,Feb22,Future,,Block,15,HH,Henry Hub Fin Future,Feb22,4.750,,,,,,,,Natural Gas,
08:30:00,,Mar22,Future,,Block,15,HH,Henry Hub Fin Future,Mar22,4.750,,,,,,,,Natural Gas,
08:30:00,,Apr22,Future,,Block,15,HH,Henry Hub Fin Future,Apr22,4.750,,,,,,,,Natural Gas,
08:30:00,,May22,Future,,Block,15,HH,Henry Hub Fin Future,May22,4.750,,,,,,,,Natural Gas,
08:30:00,,Jun22,Future,,Block,15,HH,Henry Hub Fin Future,Jun22,4.750,,,,,,,,Natural Gas,
08:30:00,,Jul22,Future,,Block,15,HH,Henry Hub Fin Future,Jul22,4.750,,,,,,,,Natural Gas,
08:30:00,,Aug22,Future,,Block,15,HH,Henry Hub Fin Future,Aug22,4.750,,,,,,,,Natural Gas,
08:30:00,,Sep22,Future,,Block,15,HH,Henry Hub Fin Future,Sep22,4.750,,,,,,,,Natural Gas,
08:30:00,,Oct22,Future,,Block,15,HH,Henry Hub Fin Future,Oct22,4.750,,,,,,,,Natural Gas,
08:36:50,3.500,Apr22,Option,Put,Block,150,LN,Henry Hub Eu Fin Option,Apr22 3.500 Put,0.3100,,,,,,,,Natural Gas,
08:36:50,3.500,May22,Option,Put,Block,150,LN,Henry Hub Eu Fin Option,May22 3.500 Put,0.3100,,,,,,,,Natural Gas,
08:36:50,3.500,Jun22,Option,Put,Block,150,LN,Henry Hub Eu Fin Option,Jun22 3.500 Put,0.3100,,,,,,,,Natural Gas,
08:36:50,5.000,Apr22,Option,Call,Block,150,LN,Henry Hub Eu Fin Option,Apr22 5.000 Call,0.2600,,,,,,,,Natural Gas,
08:36:50,5.000,May22,Option,Call,Block,150,LN,Henry Hub Eu Fin Option,May22 5.000 Call,0.2600,,,,,,,,Natural Gas,
08:36:50,5.000,Jun22,Option,Call,Block,150,LN,Henry Hub Eu Fin Option,Jun22 5.000 Call,0.2600,,,,,,,,Natural Gas,
08:35:43,8.000,Dec21,Option,Call,Block,50,LN,Henry Hub Eu Fin Option,Dec21 8.000 Call,0.5800,,,,,,,,Natural Gas,
08:35:43,8.750,Dec21,Option,Call,Block,50,LN,Henry Hub Eu Fin Option,Dec21 8.750 Call,0.4650,,,,,,,,Natural Gas,
08:35:01,3.500,Apr22,Option,Put,Block,250,LN,Henry Hub Eu Fin Option,Apr22 3.500 Put,0.3050,,,,,,,,Natural Gas,
08:35:01,3.500,May22,Option,Put,Block,250,LN,Henry Hub Eu Fin Option,May22 3.500 Put,0.3050,,,,,,,,Natural Gas,
08:35:01,3.500,Jun22,Option,Put,Block,250,LN,Henry Hub Eu Fin Option,Jun22 3.500 Put,0.3050,,,,,,,,Natural Gas,
08:35:01,5.000,Apr22,Option,Call,Block,250,LN,Henry Hub Eu Fin Option,Apr22 5.000 Call,0.2650,,,,,,,,Natural Gas,
08:35:01,5.000,May22,Option,Call,Block,250,LN,Henry Hub Eu Fin Option,May22 5.000 Call,0.2650,,,,,,,,Natural Gas,
08:35:01,5.000,Jun22,Option,Call,Block,250,LN,Henry Hub Eu Fin Option,Jun22 5.000 Call,0.2650,,,,,,,,Natural Gas,
08:26:44,8.000,Jan22,Option,Call,Block,50,LN,Henry Hub Eu Fin Option,Jan22 8.000 Call,0.9700,,,,,,,,Natural Gas,
08:26:44,,Jan22,Future,,Block,86,NP,Henry Hub Pen Fin Future,Jan22,6.150,,,,,,,,Natural Gas,
08:26:44,8.000,Jan22,Option,Call,Block,100,LN,Henry Hub Eu Fin Option,Jan22 8.000 Call,0.9700,,,,,,,,Natural Gas,
08:26:44,,Jan22,Future,,Block,43,HP,Henry Hub Look-Alike Fin Future,Jan22,6.1500,,,,,,,,Natural Gas,
08:28:18,5.000,Nov21,Option,Put,Block,50,LN,Henry Hub Eu Fin Option,Nov21 5.000 Put,0.1500,,,,,,,,Natural Gas,
08:28:18,,Nov21,Future,,Block,12,HP,Henry Hub Look-Alike Fin Future,Nov21,5.9400,,,,,,,,Natural Gas,
08:28:58,4.500,Feb22,Option,Call,Block,50,LN,Henry Hub Eu Fin Option,Feb22 4.500 Call,2.0400,,,,,,,,Natural Gas,
08:28:58,,Feb22,Future,,Block,42,HP,Henry Hub Look-Alike Fin Future,Feb22,6.0200,,,,,,,,Natural Gas,
08:28:58,4.500,Feb22,Option,Call,Block,100,LN,Henry Hub Eu Fin Option,Feb22 4.500 Call,2.0400,,,,,,,,Natural Gas,
08:28:58,,Feb22,Future,,Block,84,HP,Henry Hub Look-Alike Fin Future,Feb22,6.0200,,,,,,,,Natural Gas,
08:28:17,5.000,Nov21,Option,Put,Block,100,LN,Henry Hub Eu Fin Option,Nov21 5.000 Put,0.1500,,,,,,,,Natural Gas,
08:28:17,,Nov21,Future,,Block,24,HP,Henry Hub Look-Alike Fin Future,Nov21,5.9400,,,,,,,,Natural Gas,
08:28:58,4.500,Feb22,Option,Call,Block,100,LN,Henry Hub Eu Fin Option,Feb22 4.500 Call,2.0400,,,,,,,,Natural Gas,
08:28:58,,Feb22,Future,,Block,84,HP,Henry Hub Look-Alike Fin Future,Feb22,6.0200,,,,,,,,Natural Gas,
08:28:16,5.000,Nov21,Option,Put,Block,100,LN,Henry Hub Eu Fin Option,Nov21 5.000 Put,0.1500,,,,,,,,Natural Gas,
08:28:16,,Nov21,Future,,Block,24,HP,Henry Hub Look-Alike Fin Future,Nov21,5.9400,,,,,,,,Natural Gas,
08:28:15,5.000,Nov21,Option,Put,Block,250,LN,Henry Hub Eu Fin Option,Nov21 5.000 Put,0.1500,,,,,,,,Natural Gas,
08:28:15,,Nov21,Future,,Block,60,HP,Henry Hub Look-Alike Fin Future,Nov21,5.9400,,,,,,,,Natural Gas,
08:23:17,5.000,Jan22,Option,Put,Block,100,LN,Henry Hub Eu Fin Option,Jan22 5.000 Put,0.6850,,,,,,,,Natural Gas,
08:23:17,4.750,Jan22,Option,Put,Block,100,LN,Henry Hub Eu Fin Option,Jan22 4.750 Put,0.5450,,,,,,,,Natural Gas,
08:23:17,,Jan22,Future,,Block,2,HP,Henry Hub Look-Alike Fin Future,Jan22,6.1300,,,,,,,,Natural Gas,
08:23:17,5.000,Jan22,Option,Put,Block,100,LN,Henry Hub Eu Fin Option,Jan22 5.000 Put,0.6850,,,,,,,,Natural Gas,
08:23:17,4.750,Jan22,Option,Put,Block,100,LN,Henry Hub Eu Fin Option,Jan22 4.750 Put,0.5450,,,,,,,,Natural Gas,
08:23:17,,Jan22,Future,,Block,2,HP,Henry Hub Look-Alike Fin Future,Jan22,6.1300,,,,,,,,Natural Gas,
08:25:49,,Jul25,Future,,Block,22,NG,Henry Hub Future,Jul25,2.940,,,,,,,,Natural Gas,
08:25:49,,Aug25,Future,,Block,28,NG,Henry Hub Future,Aug25,2.955,,,,,,,,Natural Gas,
08:18:22,-0.200,Nov21,Option,Put,Block,"2,000",G4,Henry Hub Nat Gas Fin 1 Mo CSO,Nov21 -0.200 Put,0.018,,,,,,,,Natural Gas,
08:18:22,-0.300,Nov21,Option,Put,Block,"2,000",G4,Henry Hub Nat Gas Fin 1 Mo CSO,Nov21 -0.300 Put,0.003,,,,,,,,Natural Gas,
08:19:00,5.000,Mar22,Option,Put,Block,50,LN,Henry Hub Eu Fin Option,Mar22 5.000 Put,1.0900,,,,,,,,Natural Gas,
08:19:00,,Mar22,Future,,Block,17,HP,Henry Hub Look-Alike Fin Future,Mar22,5.7000,,,,,,,,Natural Gas,
08:17:34,7.000,Nov21,Option,Call,Block,100,ON,Henry Hub Am Option,Nov21 7.000 Call,0.252,,,,,,,,Natural Gas,
08:15:00,5.000,Mar22,Option,Put,Block,50,LN,Henry Hub Eu Fin Option,Mar22 5.000 Put,1.0900,,,,,,,,Natural Gas,
08:15:00,,Mar22,Future,,Block,17,HP,Henry Hub Look-Alike Fin Future,Mar22,5.7000,,,,,,,,Natural Gas,
08:15:00,5.000,Mar22,Option,Put,Block,25,LN,Henry Hub Eu Fin Option,Mar22 5.000 Put,1.0900,,,,,,,,Natural Gas,
08:15:00,,Mar22,Future,,Block,34,NP,Henry Hub Pen Fin Future,Mar22,5.700,,,,,,,,Natural Gas,
08:19:38,,Nov21,Future,,Block,180,NG,Henry Hub Future,Nov21,5.940,,,,,,,,Natural Gas,
08:15:00,5.000,Mar22,Option,Put,Block,25,LN,Henry Hub Eu Fin Option,Mar22 5.000 Put,1.0900,,,,,,,,Natural Gas,
08:15:00,,Mar22,Future,,Block,34,NP,Henry Hub Pen Fin Future,Mar22,5.700,,,,,,,,Natural Gas,
08:12:00,,Feb22,Future,,Block,500,HH,Henry Hub Fin Future,Feb22,6.045,,,,,,,,Natural Gas,
08:17:12,10.750,Nov21,Option,Call,Block,100,ON,Henry Hub Am Option,Nov21 10.750 Call,0.058,,,,,,,,Natural Gas,
08:09:13,,Nov21,Future,,Block,494,NG,Henry Hub Future,Nov21,5.954,,,,,,,,Natural Gas,
08:09:13,,Nov21,Future,,Block,494,HH,Henry Hub Fin Future,Nov21,5.940,,,,,,,,Natural Gas,
08:12:53,10.750,Nov21,Option,Call,Block,100,ON,Henry Hub Am Option,Nov21 10.750 Call,0.060,,,,,,,,Natural Gas,
08:05:00,3.500,Apr23,Option,Call,Block,10,LN,Henry Hub Eu Fin Option,Apr23 3.500 Call,0.3630,,,,,,,,Natural Gas,
08:05:00,3.500,May23,Option,Call,Block,10,LN,Henry Hub Eu Fin Option,May23 3.500 Call,0.3630,,,,,,,,Natural Gas,
08:05:00,3.500,Jun23,Option,Call,Block,10,LN,Henry Hub Eu Fin Option,Jun23 3.500 Call,0.3630,,,,,,,,Natural Gas,
08:05:00,3.500,Jul23,Option,Call,Block,10,LN,Henry Hub Eu Fin Option,Jul23 3.500 Call,0.3630,,,,,,,,Natural Gas,
08:05:00,3.500,Aug23,Option,Call,Block,10,LN,Henry Hub Eu Fin Option,Aug23 3.500 Call,0.3630,,,,,,,,Natural Gas,
08:05:00,3.500,Sep23,Option,Call,Block,10,LN,Henry Hub Eu Fin Option,Sep23 3.500 Call,0.3630,,,,,,,,Natural Gas,
08:05:00,3.500,Oct23,Option,Call,Block,10,LN,Henry Hub Eu Fin Option,Oct23 3.500 Call,0.3630,,,,,,,,Natural Gas,
08:07:33,7.500,Mar22,Option,Call,Block,200,LN,Henry Hub Eu Fin Option,Mar22 7.500 Call,1.3300,,,,,,,,Natural Gas,
08:07:33,10.000,Mar22,Option,Call,Block,200,LN,Henry Hub Eu Fin Option,Mar22 10.000 Call,1.0000,,,,,,,,Natural Gas,
08:07:33,,Mar22,Future,,Block,20,HP,Henry Hub Look-Alike Fin Future,Mar22,5.8500,,,,,,,,Natural Gas,
08:09:00,,Apr22,Future,,Block,80,NG,Henry Hub Future,Apr22,3.961,,,,,,,,Natural Gas,
08:09:00,,May22,Future,,Block,80,NG,Henry Hub Future,May22,3.961,,,,,,,,Natural Gas,
08:09:00,,Jun22,Future,,Block,80,NG,Henry Hub Future,Jun22,3.961,,,,,,,,Natural Gas,
08:09:00,,Jul22,Future,,Block,80,NG,Henry Hub Future,Jul22,3.961,,,,,,,,Natural Gas,
08:09:00,,Aug22,Future,,Block,80,NG,Henry Hub Future,Aug22,3.961,,,,,,,,Natural Gas,
08:09:00,,Sep22,Future,,Block,80,NG,Henry Hub Future,Sep22,3.961,,,,,,,,Natural Gas,
08:09:00,,Oct22,Future,,Block,80,NG,Henry Hub Future,Oct22,3.961,,,,,,,,Natural Gas,
07:59:44,20.000,Jan22,Option,Call,Block,50,LN,Henry Hub Eu Fin Option,Jan22 20.000 Call,0.2050,,,,,,,,Natural Gas,
08:00:40,20.000,Jan22,Option,Call,Block,25,LN,Henry Hub Eu Fin Option,Jan22 20.000 Call,0.2050,,,,,,,,Natural Gas,
07:53:09,5.000,Mar22,Option,Put,Block,100,LN,Henry Hub Eu Fin Option,Mar22 5.000 Put,1.0850,,,,,,,,Natural Gas,
07:53:09,3.500,Mar22,Option,Put,Block,100,LN,Henry Hub Eu Fin Option,Mar22 3.500 Put,0.2150,,,,,,,,Natural Gas,
07:53:09,,Mar22,Future,,Block,18,HP,Henry Hub Look-Alike Fin Future,Mar22,5.8500,,,,,,,,Natural Gas,
07:59:02,-0.200,Nov21,Option,Put,Block,500,G4,Henry Hub Nat Gas Fin 1 Mo CSO,Nov21 -0.200 Put,0.019,,,,,,,,Natural Gas,
07:59:02,-0.300,Nov21,Option,Put,Block,500,G4,Henry Hub Nat Gas Fin 1 Mo CSO,Nov21 -0.300 Put,0.003,,,,,,,,Natural Gas,
07:53:45,2.500,Apr22,Option,Put,Block,"2,000",LN,Henry Hub Eu Fin Option,Apr22 2.500 Put,0.0300,,,,,,,,Natural Gas,
07:53:45,,Apr22,Future,,Block,80,HP,Henry Hub Look-Alike Fin Future,Apr22,4.1200,,,,,,,,Natural Gas,
07:53:45,2.500,Apr22,Option,Put,Block,235,LN,Henry Hub Eu Fin Option,Apr22 2.500 Put,0.0300,,,,,,,,Natural Gas,
07:53:45,,Apr22,Future,,Block,9,HP,Henry Hub Look-Alike Fin Future,Apr22,4.1200,,,,,,,,Natural Gas,
07:53:45,2.500,Apr22,Option,Put,Block,200,LN,Henry Hub Eu Fin Option,Apr22 2.500 Put,0.0300,,,,,,,,Natural Gas,
07:53:45,,Apr22,Future,,Block,8,HP,Henry Hub Look-Alike Fin Future,Apr22,4.1200,,,,,,,,Natural Gas,
07:53:45,2.500,Apr22,Option,Put,Block,200,LN,Henry Hub Eu Fin Option,Apr22 2.500 Put,0.0300,,,,,,,,Natural Gas,
07:53:45,,Apr22,Future,,Block,8,HP,Henry Hub Look-Alike Fin Future,Apr22,4.1200,,,,,,,,Natural Gas,
07:31:02,,Nov21,Future,,Block,500,NG,Henry Hub Future,Nov21,6.063,,,,,,,,Natural Gas,
07:31:02,,Nov21,Future,,Block,500,HH,Henry Hub Fin Future,Nov21,6.050,,,,,,,,Natural Gas,
07:31:02,,Nov21,Future,,Block,500,NG,Henry Hub Future,Nov21,8.063,,,,,,,,Natural Gas,
07:31:02,,Nov21,Future,,Block,500,HH,Henry Hub Fin Future,Nov21,8.050,,,,,,,,Natural Gas,
07:18:43,7.000,Nov21,Option,Call,Block,100,ON,Henry Hub Am Option,Nov21 7.000 Call,0.280,,,,,,,,Natural Gas,
,,,,,,,,,,,,,,,,,,,
